title,field,provider,closing_date,application_links,application_url,detail_page_url,source_page
"Bergrivier Municipality Bursary South Africa 2026","Accounting","BERGRIVIER MUNICIPALITY","29 August 2025","https://www.bergmun.org.za/sites/default/files/documents/Eksterne%20Studiebeurs%20Aansoekvorm%202025_2026.pdf","https://www.bergmun.org.za/sites/default/files/documents/Eksterne%20Studiebeurs%20Aansoekvorm%202025_2026.pdf","https://www.zabursaries.co.za/government-bursaries-south-africa/bergrivier-municipality-bursary/","https://www.zabursaries.co.za/accounting-bursaries-south-africa/"
"Bitou Municipality Bursary South Africa 2025","Accounting","BITOU MUNICIPALITY","","https://www.bitou.gov.za/sites/default/files/2025-01/Bursary-Application-Form-2025_0.pdf","https://www.bitou.gov.za/sites/default/files/2025-01/Bursary-Application-Form-2025_0.pdf","https://www.zabursaries.co.za/government-bursaries-south-africa/bitou-municipality-mayoral-bursary/","https://www.zabursaries.co.za/accounting-bursaries-south-africa/"
"Breede Valley Municipality Bursary South Africa 2026","Accounting","BREEDE VALLEY MUNICIPALITY","8 December 2025","https://bvm.gov.za/wp-content/uploads/2025/11/Mayoral-Bursary-Application-Form-2026.pdf","https://bvm.gov.za/wp-content/uploads/2025/11/Mayoral-Bursary-Application-Form-2026.pdf","https://www.zabursaries.co.za/government-bursaries-south-africa/breede-valley-municipality-bursary/","https://www.zabursaries.co.za/accounting-bursaries-south-africa/"
"Bushbuckridge Local Municipality Bursary South Africa 2024","Accounting; Construction & Built Environment; Law","BUSHBUCKRIDGE LOCAL MUNICIPALITY","","https://www.zabursaries.co.za/government-bursaries-south-africa/bushbuckridge-local-municipality-bursary/","https://www.zabursaries.co.za/government-bursaries-south-africa/bushbuckridge-local-municipality-bursary/","https://www.zabursaries.co.za/government-bursaries-south-africa/bushbuckridge-local-municipality-bursary/","https://www.zabursaries.co.za/accounting-bursaries-south-africa/"
"Cape Agulhas Municipality Bursary South Africa 2025","Accounting","CAPE AGULHAS MUNICIPALITY","17 January 2025","https://www.zabursaries.co.za/government-bursaries-south-africa/cape-agulhas-municipality-bursary/","https://www.zabursaries.co.za/government-bursaries-south-africa/cape-agulhas-municipality-bursary/","https://www.zabursaries.co.za/government-bursaries-south-africa/cape-agulhas-municipality-bursary/","https://www.zabursaries.co.za/accounting-bursaries-south-africa/"
"Cape Winelands District Municipality Mayoral Bursary South Africa 2021 - 2022","Accounting; Education; Engineering; Law; Medical","Cape Winelands District Municipality Mayoral Bursary South Africa 2021 - 2022","30 November 2017","https://www.zabursaries.co.za/government-bursaries-south-africa/cape-winelands-district-municipality-bursary/","https://www.zabursaries.co.za/government-bursaries-south-africa/cape-winelands-district-municipality-bursary/","https://www.zabursaries.co.za/government-bursaries-south-africa/cape-winelands-district-municipality-bursary/","https://www.zabursaries.co.za/accounting-bursaries-south-africa/"
"City of Cape Town Bursary South Africa 2026","Accounting; Construction & Built Environment; Law; Medical","CITY OF CAPE TOWN","10 October 2025","mailto:external.bursaries2026@capetown.gov.za | https://resource.capetown.gov.za/documentcentre/Documents/Forms%2c%20notices%2c%20tariffs%20and%20lists/External-Bursary-Application-Form.pdf | https://www.capetown.gov.za/Work%20and%20business/See-all-City-facilities/Our-service-facilities/Libraries | mailto: external.bursaries2026@capetown.gov.za","https://resource.capetown.gov.za/documentcentre/Documents/Forms%2c%20notices%2c%20tariffs%20and%20lists/External-Bursary-Application-Form.pdf","https://www.zabursaries.co.za/government-bursaries-south-africa/city-of-cape-town-bursary/","https://www.zabursaries.co.za/accounting-bursaries-south-africa/"
"Department of Tourism Bursary South Africa 2026","Accounting; Commerce; Postgraduate","DEPARTMENT OF TOURISM","20 March 2026","mailto:Bursary2026@tourism.gov.za | mailto: Bursary2026@tourism.gov.za","https://www.zabursaries.co.za/government-bursaries-south-africa/department-of-tourism-bursary/","https://www.zabursaries.co.za/government-bursaries-south-africa/department-of-tourism-bursary/","https://www.zabursaries.co.za/accounting-bursaries-south-africa/"
"Drakenstein Municipality Bursary South Africa 2026","Accounting; Construction & Built Environment","DRAKENSTEIN MUNICIPALITY","10 October 2025","mailto:ExternalBursaries@drakenstein.gov.za | mailto:RuralBursaries@drakenstein.gov.za | https://www.drakenstein.gov.za/sites/dw/DocumentLibrary/2b.%20Drakenstein%20Mun%20Application%20Form%20for%20Bursary%20(Rural%20%26%20External)%202025-2026.pdf | mailto: ExternalBursaries@drakenstein.gov.za | mailto: RuralBursaries@drakenstein.gov.za","https://www.drakenstein.gov.za/sites/dw/DocumentLibrary/2b.%20Drakenstein%20Mun%20Application%20Form%20for%20Bursary%20(Rural%20%26%20External)%202025-2026.pdf","https://www.zabursaries.co.za/government-bursaries-south-africa/drakenstein-municipality-bursary/","https://www.zabursaries.co.za/accounting-bursaries-south-africa/"
"Eastern Cape Provincial Treasury Bursary South Africa 2026","Accounting; Government","EC TREASURY","31 January 2026","mailto:Vuyo.nohaji@ectreasury.gov.za | mailto:Monde.siguba@ectreasury.gov.za | mailto: Vuyo.nohaji@ectreasury.gov.za | mailto: Monde.siguba@ectreasury.gov.za","https://www.zabursaries.co.za/government-bursaries-south-africa/eastern-cape-provincial-treasury-bursary/","https://www.zabursaries.co.za/government-bursaries-south-africa/eastern-cape-provincial-treasury-bursary/","https://www.zabursaries.co.za/accounting-bursaries-south-africa/"
"Government Bursaries South Africa 2026","Accounting","Government Bursaries South Africa 2026","","https://s.w.org/images/core/emoji/17.0.2/72x72/ | https://s.w.org/images/core/emoji/17.0.2/svg/","https://s.w.org/images/core/emoji/17.0.2/72x72/","https://www.zabursaries.co.za/government-bursaries-south-africa/gauteng-department-of-roads-and-transport-bursary/","https://www.zabursaries.co.za/accounting-bursaries-south-africa/"
"Gauteng Provincial Treasury Bursary South Africa 2024","Accounting","GAUTENG PROVINCIAL TREASURY","30 November 2023","mailto:gpt.externalbursary@gauteng.gov.za | mailto: gpt.externalbursary@gauteng.gov.za","https://www.zabursaries.co.za/government-bursaries-south-africa/gauteng-provincial-treasury-bursary/","https://www.zabursaries.co.za/government-bursaries-south-africa/gauteng-provincial-treasury-bursary/","https://www.zabursaries.co.za/accounting-bursaries-south-africa/"
"Hessequa Local Municipality Bursary South Africa 2025","Accounting","HESSEQUA MUNICIPALITY","","mailto:jaundre@hessequa.gov.za | https://www.hessequa.gov.za/ | mailto: jaundre@hessequa.gov.za","https://www.hessequa.gov.za/","https://www.zabursaries.co.za/government-bursaries-south-africa/hessequa-local-municipality-bursary/","https://www.zabursaries.co.za/accounting-bursaries-south-africa/"
"iSimangaliso Wetland Park Bursary South Africa 2026","Accounting; Commerce; Construction & Built Environment; General","ISIMANGALISO","16 February 2026","mailto:nosipho@isimangaliso.com | https://resources.isimangaliso.com/images/files/education/Application%20form_Tertiary%20Edu%20Support%202026.pdf | mailto: nosipho@isimangaliso.com","https://resources.isimangaliso.com/images/files/education/Application%20form_Tertiary%20Edu%20Support%202026.pdf","https://www.zabursaries.co.za/science-bursaries-south-africa/isimangaliso-wetland-park-bursary/","https://www.zabursaries.co.za/accounting-bursaries-south-africa/"
"KwaDukuza Municipality Bursary South Africa 2026","Accounting; Construction & Built Environment","KWADUKUZA MUNICIPALITY","23 January 2026","https://www.zabursaries.co.za/government-bursaries-south-africa/kwadukuza-municipality-bursary/","https://www.zabursaries.co.za/government-bursaries-south-africa/kwadukuza-municipality-bursary/","https://www.zabursaries.co.za/government-bursaries-south-africa/kwadukuza-municipality-bursary/","https://www.zabursaries.co.za/accounting-bursaries-south-africa/"
"Land Bank Bursary South Africa 2021 - 2022","Accounting","Land Bank Bursary South Africa 2021 - 2022","31 January 2020","mailto:bursaries@landbank.co.za | https://landbank.co.za/Pages/Bursary-Opportunities.aspx","https://landbank.co.za/Pages/Bursary-Opportunities.aspx","https://www.zabursaries.co.za/science-bursaries-south-africa/land-bank-bursary/","https://www.zabursaries.co.za/accounting-bursaries-south-africa/"
"Langeberg Municipality Bursary South Africa 2026","Accounting","LANGEBERG MUNICIPALITY","28 November 2025","https://www.zabursaries.co.za/government-bursaries-south-africa/langeberg-municipality-bursary/","https://www.zabursaries.co.za/government-bursaries-south-africa/langeberg-municipality-bursary/","https://www.zabursaries.co.za/government-bursaries-south-africa/langeberg-municipality-bursary/","https://www.zabursaries.co.za/accounting-bursaries-south-africa/"
"LGSETA Bursary South Africa 2026","Accounting","LGSETA","28 November 2025","https://pulse.lgseta.org.za/Register/BursaryRegistration","https://pulse.lgseta.org.za/Register/BursaryRegistration","https://www.zabursaries.co.za/general-bursaries-south-africa/lgseta-bursary/","https://www.zabursaries.co.za/accounting-bursaries-south-africa/"
"Limpopo Provincial Treasury Bursary South Africa 2021 - 2022","Accounting","Limpopo Provincial Treasury Bursary South Africa 2021 - 2022","11 January 2019","https://www.zabursaries.co.za/government-bursaries-south-africa/limpopo-provincial-treasury-bursary/","https://www.zabursaries.co.za/government-bursaries-south-africa/limpopo-provincial-treasury-bursary/","https://www.zabursaries.co.za/government-bursaries-south-africa/limpopo-provincial-treasury-bursary/","https://www.zabursaries.co.za/accounting-bursaries-south-africa/"
"Mpumalanga Provincial Government Bursary South Africa 2026","Accounting; Arts; Commerce; Construction & Built Environment; Medical; Science","MPUMALANGA PROVINCIAL GOVERNMENT","","mailto:otprecruitment@mpg.gov.za | https://forms.office.com/pages/responsepage.aspx | https://www.sassagrants.co.za/ | mailto: otprecruitment@mpg.gov.za","https://forms.office.com/pages/responsepage.aspx","https://www.zabursaries.co.za/government-bursaries-south-africa/mpumalanga-provincial-government-bursary/","https://www.zabursaries.co.za/accounting-bursaries-south-africa/"
"Musina Local Municipality Bursary South Africa 2024","Accounting","MUSINA LOCAL MUNICIPALITY","19 January 2024","https://musina.gov.za/wp-content/uploads/2023/11/Untitled.pdf","https://musina.gov.za/wp-content/uploads/2023/11/Untitled.pdf","https://www.zabursaries.co.za/government-bursaries-south-africa/musina-local-municipality-bursary/","https://www.zabursaries.co.za/accounting-bursaries-south-africa/"
"Ndwedwe Local Municipality Bursary South Africa 2024","Accounting; Construction & Built Environment","NDWEDWE LOCAL MUNICIPALITY","22 December 2023","https://www.zabursaries.co.za/government-bursaries-south-africa/ndwedwe-local-municipality-bursary/","https://www.zabursaries.co.za/government-bursaries-south-africa/ndwedwe-local-municipality-bursary/","https://www.zabursaries.co.za/government-bursaries-south-africa/ndwedwe-local-municipality-bursary/","https://www.zabursaries.co.za/accounting-bursaries-south-africa/"
"NUMSA Bursary South Africa 2021 - 2022","Accounting","NUMSA Bursary South Africa 2021 - 2022","","https://www.zabursaries.co.za/general-bursaries-south-africa/numsa-bursary/","https://www.zabursaries.co.za/general-bursaries-south-africa/numsa-bursary/","https://www.zabursaries.co.za/general-bursaries-south-africa/numsa-bursary/","https://www.zabursaries.co.za/accounting-bursaries-south-africa/"
"Oudtshoorn Municipality Bursary South Africa 2026","Accounting","OUDTSHOORN MUNICIPALITY","","https://www.oudtshoorn.gov.za/wp-content/uploads/2025/10/ADVERTISEMENT-MUNICIPAL-BURSARY-PROGRAMME-2026-APPLICATION-FORM.pdf","https://www.oudtshoorn.gov.za/wp-content/uploads/2025/10/ADVERTISEMENT-MUNICIPAL-BURSARY-PROGRAMME-2026-APPLICATION-FORM.pdf","https://www.zabursaries.co.za/government-bursaries-south-africa/oudtshoorn-municipality-bursary/","https://www.zabursaries.co.za/accounting-bursaries-south-africa/"
"Overberg District Municipality Bursary South Africa 2023","Accounting","OVERBERG DISTRICT MUNICIPALITY (ODM)","6 February 2023","https://www.zabursaries.co.za/government-bursaries-south-africa/overberg-district-municipality-bursary/","https://www.zabursaries.co.za/government-bursaries-south-africa/overberg-district-municipality-bursary/","https://www.zabursaries.co.za/government-bursaries-south-africa/overberg-district-municipality-bursary/","https://www.zabursaries.co.za/accounting-bursaries-south-africa/"
"Allan Gray Orbis Fellowship Bursary South Africa 2027","Arts; General; Law","Allan Gray Orbis Fellowship Bursary South Africa 2027","30 April 2026","https://graymatter.allangrayorbis.org/login/ | https://graymatter.allangrayorbis.org/profiles/registration/ | https://allangrayorbis.org/wp-content/uploads/2026/02/Fellowship-Programme-Application-Form_2026.pdf","https://graymatter.allangrayorbis.org/login/","https://www.zabursaries.co.za/general-bursaries-south-africa/allan-gray-orbis-fellowship-bursary/","https://www.zabursaries.co.za/music-and-performing-arts-bursaries-south-africa/"
"Arts & Culture Trust (ACT) Nyoloha Scholarship South Africa 2027","Arts","Arts & Culture Trust (ACT) Nyoloha Scholarship South Africa 2027","","https://s.w.org/images/core/emoji/17.0.2/72x72/ | https://s.w.org/images/core/emoji/17.0.2/svg/","https://s.w.org/images/core/emoji/17.0.2/72x72/","https://www.zabursaries.co.za/music-and-performing-arts-bursaries-south-africa/arts-culture-trust-act-scholarship/","https://www.zabursaries.co.za/music-and-performing-arts-bursaries-south-africa/"
"Bridgestone Bursary South Africa 2021 - 2022","Arts; Commerce; Law; Medical","Bridgestone Bursary South Africa 2021 - 2022","12 April 2021","mailto:bsaf.HROrgDesign@bridgestone.co.za | mailto: bsaf.HROrgDesign@bridgestone.co.za","https://www.zabursaries.co.za/general-bursaries-south-africa/bridgestone-bursary/","https://www.zabursaries.co.za/general-bursaries-south-africa/bridgestone-bursary/","https://www.zabursaries.co.za/music-and-performing-arts-bursaries-south-africa/"
"Canon Collins Tom Queba and Pegasys Scholarship South Africa 2026","Arts; Education; General","Canon Collins Tom Queba and Pegasys Scholarship South Africa 2026","9 September 2025","https://canoncollins.org/scholarships/tom-queba-scholarships-for-social-change/ | https://canoncollins.ams3.digitaloceanspaces.com/media/2025/08/04141833/Tom-Queba-and-Pegasys-Scholarships-for-Social-Change-Guidelines-for-applicants-2026.pdf","https://canoncollins.org/scholarships/tom-queba-scholarships-for-social-change/","https://www.zabursaries.co.za/mba-postgraduate/canon-collins-tom-queba-scholarship/","https://www.zabursaries.co.za/music-and-performing-arts-bursaries-south-africa/"
"NYDA Solomon Mahlangu Scholarship Fund South Africa 2021 - 2022","Arts","NYDA Solomon Mahlangu Scholarship Fund South Africa 2021 - 2022","28 February 2020","https://www.zabursaries.co.za/general-bursaries-south-africa/nyda-solomon-mahlangu-scholarship-fund/","https://www.zabursaries.co.za/general-bursaries-south-africa/nyda-solomon-mahlangu-scholarship-fund/","https://www.zabursaries.co.za/general-bursaries-south-africa/nyda-solomon-mahlangu-scholarship-fund/","https://www.zabursaries.co.za/music-and-performing-arts-bursaries-south-africa/"
"Absa Fellowship Programme South Africa 2026","Arts; Computer Science & IT; Construction & Built Environment; Engineering","Absa Fellowship Programme South Africa 2026","10 September 2025","mailto:Absafellowship@fundi.co.za | https://absa-bsp.fundi.co.za/ | https://www.absa.africa/wp-content/uploads/2025/08/2025-25353-Absa-Fellowship-Programme-FAQ-2026.pdf","https://absa-bsp.fundi.co.za/","https://www.zabursaries.co.za/general-bursaries-south-africa/absa-fellowship-scholarship-programme/","https://www.zabursaries.co.za/music-and-performing-arts-bursaries-south-africa/"
"Canon Collins Thekgo Bursary for Outstanding Debt South Africa 2023","Arts; Education","CANON COLLINS","26 April 2023","mailto:thekgo@canoncollins.org.uk | https://canoncollins.ams3.digitaloceanspaces.com/media/2023/03/07134614/Thekgo_Bursary-Application-Form.pdf | https://canoncollins.ams3.digitaloceanspaces.com/media/2023/03/07134549/Canon-Collins-Thekgo-Bursary-guidelines-2023.pdf | mailto: thekgo@canoncollins.org.uk","https://canoncollins.ams3.digitaloceanspaces.com/media/2023/03/07134614/Thekgo_Bursary-Application-Form.pdf","https://www.zabursaries.co.za/general-bursaries-south-africa/canon-collins-thekgo-bursary/","https://www.zabursaries.co.za/music-and-performing-arts-bursaries-south-africa/"
"Nelson Mandela Children’s Hospital Bursary South Africa 2021 - 2022","Arts","Nelson Mandela Children’s Hospital Bursary South Africa 2021 - 2022","","mailto:bursarydocuments@nmch.co.za | https://www.nelsonmandelachildrenshospital.org/baform/","https://www.nelsonmandelachildrenshospital.org/baform/","https://www.zabursaries.co.za/medical-bursaries-south-africa/nelson-mandela-childrens-hospital-bursary/","https://www.zabursaries.co.za/music-and-performing-arts-bursaries-south-africa/"
"Cape Wools SA Bursary South Africa 2026","Arts","CAPE WOOLS SA","31 October 2025","mailto:bursaries@capewools.co.za | https://www.capewools.co.za/assets/bursary/bursarypoliciesapplicationform2026.pdf | mailto: bursaries@capewools.co.za","https://www.capewools.co.za/assets/bursary/bursarypoliciesapplicationform2026.pdf","https://www.zabursaries.co.za/science-bursaries-south-africa/cape-wools-sa-bursary-fund/","https://www.zabursaries.co.za/music-and-performing-arts-bursaries-south-africa/"
"Department of Correctional Services Bursary South Africa 2022 - 2023","Arts; Education","DEPARTMENT OF CORRECTIONAL SERVICES (DCS)","14 October 2022","https://www.zabursaries.co.za/government-bursaries-south-africa/department-of-correctional-services-bursary/","https://www.zabursaries.co.za/government-bursaries-south-africa/department-of-correctional-services-bursary/","https://www.zabursaries.co.za/government-bursaries-south-africa/department-of-correctional-services-bursary/","https://www.zabursaries.co.za/music-and-performing-arts-bursaries-south-africa/"
"FEDISA Fashion School Bursary South Africa 2021 - 2022","Arts","FEDISA Fashion School Bursary South Africa 2021 - 2022","15 August 2021","https://www.fedisa.co.za/","https://www.fedisa.co.za/","https://www.zabursaries.co.za/music-and-performing-arts-bursaries-south-africa/fedisa-fashion-school-bursary/","https://www.zabursaries.co.za/music-and-performing-arts-bursaries-south-africa/"
"Gert-Johan Coetzee Bursary South Africa 2026","Arts","JOHAN COETZEE","1 September 2025","https://nwsd.co.za/online-application/","https://nwsd.co.za/online-application/","https://www.zabursaries.co.za/music-and-performing-arts-bursaries-south-africa/gert-johan-coetzee-bursary/","https://www.zabursaries.co.za/music-and-performing-arts-bursaries-south-africa/"
"KwaZulu-Natal Department of Sport, Arts and Culture Bursary South Africa 2024","Arts","KZN DSAC","","https://www.zabursaries.co.za/government-bursaries-south-africa/kzn-department-of-sport-arts-and-culture-bursary/","https://www.zabursaries.co.za/government-bursaries-south-africa/kzn-department-of-sport-arts-and-culture-bursary/","https://www.zabursaries.co.za/government-bursaries-south-africa/kzn-department-of-sport-arts-and-culture-bursary/","https://www.zabursaries.co.za/music-and-performing-arts-bursaries-south-africa/"
"The Foschini Group Bursary South Africa 2021 - 2022","Arts","The Foschini Group Bursary South Africa 2021 - 2022","","https://www.fedisa.co.za/tfg-bursary-application/ | https://www.tfgclub.co.za/bursaries/","https://www.fedisa.co.za/tfg-bursary-application/","https://www.zabursaries.co.za/music-and-performing-arts-bursaries-south-africa/the-foschini-group-bursary/","https://www.zabursaries.co.za/music-and-performing-arts-bursaries-south-africa/"
"Truworths Bursary South Africa 2021 - 2022","Arts","Truworths Bursary South Africa 2021 - 2022","30 September 2017","https://careers.truworths.co.za/","https://careers.truworths.co.za/","https://www.zabursaries.co.za/general-bursaries-south-africa/truworths-bursary/","https://www.zabursaries.co.za/music-and-performing-arts-bursaries-south-africa/"
"W&RSETA Bursary South Africa 2021 - 2022","Arts; General","W&RSETA Bursary South Africa 2021 - 2022","28 February 2018","mailto:Bursaries2018@wrseta.org.za | https://indicium.wrseta.org.za/WRSETAIndicium/Pages/OnlineRegistration/OnlineBursaryRegistration.aspx","https://indicium.wrseta.org.za/WRSETAIndicium/Pages/OnlineRegistration/OnlineBursaryRegistration.aspx","https://www.zabursaries.co.za/general-bursaries-south-africa/wrseta-bursary/","https://www.zabursaries.co.za/music-and-performing-arts-bursaries-south-africa/"
"eMedia Bursary South Africa 2025","Arts","EMEDIA","","https://etv.mcidirecthire.com/External/Job","https://etv.mcidirecthire.com/External/Job","https://www.zabursaries.co.za/general-bursaries-south-africa/emedia-bursary/","https://www.zabursaries.co.za/music-and-performing-arts-bursaries-south-africa/"
"Film School Africa (FSA) Bursary South Africa 2022 - 2023","Arts","FILM SCHOOL AFRICA (FSA)","15 September 2022","mailto:applications@filmschoolafrica.org | https://www.filmschoolafrica.org/applications/bursary-application | https://www.filmschoolafrica.org/forms/online-application-form","https://www.filmschoolafrica.org/applications/bursary-application","https://www.zabursaries.co.za/universities/film-school-africa-fsa-bursary/","https://www.zabursaries.co.za/music-and-performing-arts-bursaries-south-africa/"
"Gauteng Film Commission (GFC) Bursary South Africa 2021 - 2022","Arts","Gauteng Film Commission (GFC) Bursary South Africa 2021 - 2022","15 March 2021","https://www.gautengfilm.org.za/industry-development/project-support","https://www.gautengfilm.org.za/industry-development/project-support","https://www.zabursaries.co.za/government-bursaries-south-africa/gauteng-film-commission-gfc-bursary/","https://www.zabursaries.co.za/music-and-performing-arts-bursaries-south-africa/"
"KZN Tourism and Film Authority Bursary South Africa 2026","Arts","KZN TOURISM AND FILM AUTHORITY","31 October 2025","https://bursary.visitkzn-sa.com/","https://bursary.visitkzn-sa.com/","https://www.zabursaries.co.za/music-and-performing-arts-bursaries-south-africa/kwazulu-natal-film-commission-bursary/","https://www.zabursaries.co.za/music-and-performing-arts-bursaries-south-africa/"
"Netflix Scholarship South Africa 2022 - 2023","Arts","Netflix Scholarship South Africa 2022 - 2023","4 February 2022","https://www.cognitoforms.com/TshikululuSocialInvestments/NetflixCreativeEquityScholarshipFundApplicationForm","https://www.cognitoforms.com/TshikululuSocialInvestments/NetflixCreativeEquityScholarshipFundApplicationForm","https://www.zabursaries.co.za/mba-postgraduate/netflix-scholarship/","https://www.zabursaries.co.za/music-and-performing-arts-bursaries-south-africa/"
"NFVF Bursary South Africa 2026","Arts","NFVF","31 July 2025","https://nfvf.praxisgms.co.za/ | https://nfvf.praxisgms.co.za/xaLogin/NFVF/reglogin.aspx","https://nfvf.praxisgms.co.za/","https://www.zabursaries.co.za/government-bursaries-south-africa/nfvf-bursary/","https://www.zabursaries.co.za/music-and-performing-arts-bursaries-south-africa/"
"NFVF International Bursary South Africa 2026","Arts; International","NFVF","9 March 2026","https://nfvf.praxisgms.co.za/ | https://nfvf.praxisgms.co.za/xaLogin/NFVF/reglogin.aspx","https://nfvf.praxisgms.co.za/","https://www.zabursaries.co.za/international-scholarships-bursaries-south-africa/nfvf-international-bursary/","https://www.zabursaries.co.za/music-and-performing-arts-bursaries-south-africa/"
"Dudley D’Ewes Scholarship South Africa 2026","Arts","Dudley D’Ewes Scholarship South Africa 2026","","mailto:info@khulacapefoundation.org.za | https://www.khulacapefoundation.org.za/printables/word/dudley-dewes-scholarship-application.doc | mailto: info@khulacapefoundation.org.za","https://www.khulacapefoundation.org.za/printables/word/dudley-dewes-scholarship-application.doc","https://www.zabursaries.co.za/mba-postgraduate/dudley-dewes-scholarship/","https://www.zabursaries.co.za/music-and-performing-arts-bursaries-south-africa/"
"Limpopo Department of Public Works Bursary South Africa 2025","Commerce; Construction & Built Environment","LIMPOPO DEPARTMENT OF PUBLIC WORKS","15 November 2024","https://www.zabursaries.co.za/government-bursaries-south-africa/limpopo-provincial-government-bursary/","https://www.zabursaries.co.za/government-bursaries-south-africa/limpopo-provincial-government-bursary/","https://www.zabursaries.co.za/government-bursaries-south-africa/limpopo-provincial-government-bursary/","https://www.zabursaries.co.za/commerce-bursaries-south-africa/"
"ABSA BMI Bursary South Africa 2021 - 2022","Commerce; Science","ABSA BMI Bursary South Africa 2021 - 2022","30 September 2021","https://leap.ly/opportunities/514","https://leap.ly/opportunities/514","https://www.zabursaries.co.za/general-bursaries-south-africa/absa-bank-bursary/","https://www.zabursaries.co.za/commerce-bursaries-south-africa/"
"ABSIP Bursary South Africa 2025","Commerce","ABSIP","17 January 2025","https://docs.google.com/forms/d/e/1FAIpQLSdr396eUEScF6bYKhGPuz7Fkd8ns8o5gGj42A0dGkRh4p2NjQ/viewform","https://docs.google.com/forms/d/e/1FAIpQLSdr396eUEScF6bYKhGPuz7Fkd8ns8o5gGj42A0dGkRh4p2NjQ/viewform","https://www.zabursaries.co.za/commerce-bursaries-south-africa/absip-bursary/","https://www.zabursaries.co.za/commerce-bursaries-south-africa/"
"Access Trust Bursary South Africa 2021 - 2022","Commerce; Education; General","Access Trust Bursary South Africa 2021 - 2022","","mailto:info@accesstrust.org.za","https://www.zabursaries.co.za/general-bursaries-south-africa/access-trust-bursary/","https://www.zabursaries.co.za/general-bursaries-south-africa/access-trust-bursary/","https://www.zabursaries.co.za/commerce-bursaries-south-africa/"
"Adapt IT Bursary South Africa 2024","Commerce","ADAPT IT","8 February 2024","https://bsp.fundi.co.za/Home","https://bsp.fundi.co.za/Home","https://www.zabursaries.co.za/commerce-bursaries-south-africa/adapt-it-bursary/","https://www.zabursaries.co.za/commerce-bursaries-south-africa/"
"BANKSETA / UKZN Outstanding Student Debt Fund South Africa 2022 - 2023","Commerce; Postgraduate","BANKSETA / UKZN Outstanding Student Debt Fund South Africa 2022 - 2023","20 January 2022","https://forms.gle/St5NkQZY3MR5to6G6","https://forms.gle/St5NkQZY3MR5to6G6","https://www.zabursaries.co.za/universities/bankseta-ukzn-outstanding-student-debt-fund/","https://www.zabursaries.co.za/commerce-bursaries-south-africa/"
"BCE Foodservice Equipment Bursary South Africa 2025","Commerce","BCE","15 January 2025","mailto:bursary@bce.co.za | mailto: bursary@bce.co.za","https://www.zabursaries.co.za/commerce-bursaries-south-africa/bce-foodservice-equipment-bursary/","https://www.zabursaries.co.za/commerce-bursaries-south-africa/bce-foodservice-equipment-bursary/","https://www.zabursaries.co.za/commerce-bursaries-south-africa/"
"Bester Bursary & Graduate Development Programme South Africa 2026","Commerce","BESTER","","https://www.zabursaries.co.za/science-bursaries-south-africa/bester-bursary-graduate-development-programme/","https://www.zabursaries.co.za/science-bursaries-south-africa/bester-bursary-graduate-development-programme/","https://www.zabursaries.co.za/science-bursaries-south-africa/bester-bursary-graduate-development-programme/","https://www.zabursaries.co.za/commerce-bursaries-south-africa/"
"Capitec Bursary South Africa 2026","Commerce; Engineering; Science","CAPITEC","","https://capitecbursary.auraams.app/Home/Index | https://drive.google.com/uc","https://capitecbursary.auraams.app/Home/Index","https://www.zabursaries.co.za/general-bursaries-south-africa/capitec-bank-bursary/","https://www.zabursaries.co.za/commerce-bursaries-south-africa/"
"Cipla Bursary South Africa 2026","Commerce","CIPLA","17 February 2026","https://ciplasouthafrica.turbohire.co/job/publicjobs/upaPliua2%2Fm_ruo5BXJJUfdjuQAjB0vQtSymoM4xx_6VLLooJemI4b96pTwUeBw_","https://ciplasouthafrica.turbohire.co/job/publicjobs/upaPliua2%2Fm_ruo5BXJJUfdjuQAjB0vQtSymoM4xx_6VLLooJemI4b96pTwUeBw_","https://www.zabursaries.co.za/general-bursaries-south-africa/cipla-bursary/","https://www.zabursaries.co.za/commerce-bursaries-south-africa/"
"Donald White/ Mandla A. Ndwanya Memorial Fund Bursary South Africa 2026","Commerce; Education","DONALD WHITE/ MANDLA A. NDWANYA MEMORIAL FUND","28 November 2025","mailto:secretary@whitendwanyamemorialfund.org | mailto: secretary@whitendwanyamemorialfund.org","https://www.zabursaries.co.za/commerce-bursaries-south-africa/donald-white-mandla-a-ndwanya-memorial-fund-bursary/","https://www.zabursaries.co.za/commerce-bursaries-south-africa/donald-white-mandla-a-ndwanya-memorial-fund-bursary/","https://www.zabursaries.co.za/commerce-bursaries-south-africa/"
"Education Empowerment and Development Fund (EEDF) Bursary South Africa 2024","Commerce; Engineering; Law; Science","EEDF","1 November 2023","https://docs.google.com/forms/d/e/1FAIpQLScbmTR5pjpgQ0rLDzznc8c24OoNtuIohvc_EKDHtGPHkYyreQ/viewform | https://www.sassagrants.co.za/","https://docs.google.com/forms/d/e/1FAIpQLScbmTR5pjpgQ0rLDzznc8c24OoNtuIohvc_EKDHtGPHkYyreQ/viewform","https://www.zabursaries.co.za/general-bursaries-south-africa/education-empowerment-and-development-fund-eedf-bursary/","https://www.zabursaries.co.za/commerce-bursaries-south-africa/"
"ETDP SETA Bursary South Africa 2024","Commerce","ETDP SETA","16 February 2024","mailto:ECbursary@etdpseta.org.za | mailto:FSbursary@etdpseta.org.za | mailto:GPbursary@etdpseta.org.za | mailto:KZNbursary@etdpseta.org.za | mailto:LPbursary@etdpseta.org.za | mailto:MPbursary@etdpseta.org.za | mailto:NCbursary@etdpseta.org.za | mailto:NWbursary@etdpseta.org.za | mailto:WCbursary@etdpseta.org.za | mailto: ECbursary@etdpseta.org.za | mailto: FSbursary@etdpseta.org.za | mailto: GPbursary@etdpseta.org.za | mailto: KZNbursary@etdpseta.org.za | mailto: LPbursary@etdpseta.org.za | mailto: MPbursary@etdpseta.org.za | mailto: NCbursary@etdpseta.org.za | mailto: NWbursary@etdpseta.org.za | mailto: WCbursary@etdpseta.org.za","https://www.zabursaries.co.za/general-bursaries-south-africa/etdp-seta-bursary/","https://www.zabursaries.co.za/general-bursaries-south-africa/etdp-seta-bursary/","https://www.zabursaries.co.za/commerce-bursaries-south-africa/"
"FASSET Bursary South Africa 2026","Commerce; Government; NSFAS; Science","FASSET","28 February 2026","https://forms.office.com/pages/responsepage.aspx | https://fasset365-my.sharepoint.com/:f:/g/personal/surprise_majeke_fasset_org_za/IgBtdDRPTl4lTrdcRwYhNSegATk-Et3UmISkhGS_FC37_Zw","https://forms.office.com/pages/responsepage.aspx","https://www.zabursaries.co.za/accounting-bursaries-south-africa/fasset-bursary/","https://www.zabursaries.co.za/commerce-bursaries-south-africa/"
"Fairtree Bursary South Africa 2025","Commerce; Science","FAIRTREE","25 November 2024","mailto:careers@fairtree.com | mailto: careers@fairtree.com","https://www.zabursaries.co.za/commerce-bursaries-south-africa/fairtree-bursary/","https://www.zabursaries.co.za/commerce-bursaries-south-africa/fairtree-bursary/","https://www.zabursaries.co.za/commerce-bursaries-south-africa/"
"Foskor Bursary South Africa 2025","Commerce; Law","FOSKOR","22 January 2025","mailto:bursariesphb@foskor.co.za | mailto: bursariesphb@foskor.co.za","https://www.zabursaries.co.za/engineering-bursaries-south-africa/foskor-bursary/","https://www.zabursaries.co.za/engineering-bursaries-south-africa/foskor-bursary/","https://www.zabursaries.co.za/commerce-bursaries-south-africa/"
"Grandslots Bursary South Africa 2021 - 2022","Commerce","Grandslots Bursary South Africa 2021 - 2022","","mailto:owildschutt@grandslots.co.za | mailto: owildschutt@grandslots.co.za","https://www.zabursaries.co.za/general-bursaries-south-africa/grandslots-bursary/","https://www.zabursaries.co.za/general-bursaries-south-africa/grandslots-bursary/","https://www.zabursaries.co.za/commerce-bursaries-south-africa/"
"Hollywood Foundation Bursary (Future is Bright) South Africa 2026","Commerce","HOLLYWOOD FOUNDATION / HOLLYWOODBETS","16 September 2025","https://hwfapplications.com/bursary-application-2025/","https://hwfapplications.com/bursary-application-2025/","https://www.zabursaries.co.za/commerce-bursaries-south-africa/hollywoodbets-bursary/","https://www.zabursaries.co.za/commerce-bursaries-south-africa/"
"Industrial Development Corporation (IDC) Bursary South Africa 2026","Commerce","IDC","30 September 2025","https://protected.idc.co.za/BursaryPortal/","https://protected.idc.co.za/BursaryPortal/","https://www.zabursaries.co.za/chumommerce-bursaries-south-africa/industrial-development-corporation-idc-bursary/","https://www.zabursaries.co.za/commerce-bursaries-south-africa/"
"INSETA Bursary South Africa 2022 - 2023","Commerce; Science","INSETA Bursary South Africa 2022 - 2023","30 November 2021","mailto:bursariesforyouth@inseta.org.za | mailto: bursariesforyouth@inseta.org.za","https://www.zabursaries.co.za/general-bursaries-south-africa/inseta-bursary/","https://www.zabursaries.co.za/general-bursaries-south-africa/inseta-bursary/","https://www.zabursaries.co.za/commerce-bursaries-south-africa/"
"Investec Bursary South Africa 2026","Commerce; Science","INVESTEC","5 October 2025","https://studytrust.devman.co.za/bursary/portal/investec-bursary-programme/ | https://studytrust.org.za/bursary-applications/","https://studytrust.devman.co.za/bursary/portal/investec-bursary-programme/","https://www.zabursaries.co.za/commerce-bursaries-south-africa/investec-bursary/","https://www.zabursaries.co.za/commerce-bursaries-south-africa/"
"Accenture Scholarship South Africa 2026","Computer Science & IT","Accenture Scholarship South Africa 2026","30 September 2025","https://accenture.wd103.myworkdayjobs.com/en-US/AccentureCareers/job/Midrand/Accenture-Education-Trust-Scholarship-2026_R00269740 | https://accenture.wd3.myworkdayjobs.com/AccentureCareers/login","https://accenture.wd103.myworkdayjobs.com/en-US/AccentureCareers/job/Midrand/Accenture-Education-Trust-Scholarship-2026_R00269740","https://www.zabursaries.co.za/general-bursaries-south-africa/accenture-scholarship-south-africa/","https://www.zabursaries.co.za/computer-science-it-bursaries-south-africa/"
"Altron Bill Venter Academy Bursary South Africa 2021 - 2022","Computer Science & IT","Altron Bill Venter Academy Bursary South Africa 2021 - 2022","13 September 2019","mailto:bursaries@altron.co.za","https://www.zabursaries.co.za/engineering-bursaries-south-africa/altron-bill-venter-academy-bursary/","https://www.zabursaries.co.za/engineering-bursaries-south-africa/altron-bill-venter-academy-bursary/","https://www.zabursaries.co.za/computer-science-it-bursaries-south-africa/"
"Amazon Bursary South Africa 2026","Computer Science & IT","AMAZON","5 October 2025","https://studytrust.devman.co.za/bursary/portal/amazon-recruitment/ | https://studytrust.org.za/bursary-applications/","https://studytrust.devman.co.za/bursary/portal/amazon-recruitment/","https://www.zabursaries.co.za/computer-science-it-bursaries-south-africa/amazon-bursary/","https://www.zabursaries.co.za/computer-science-it-bursaries-south-africa/"
"AWS Skills Development Bursary South Africa 2026","Computer Science & IT; Postgraduate","AMAZON WEB SERVICES (AWS)","31 October 2025","https://studytrust.devman.co.za/bursary/portal/amazon-web/ | https://studytrust.org.za/bursary-applications/","https://studytrust.devman.co.za/bursary/portal/amazon-web/","https://www.zabursaries.co.za/engineering-bursaries-south-africa/aws-skills-development-bursary/","https://www.zabursaries.co.za/computer-science-it-bursaries-south-africa/"
"BBD Bursary South Africa 2025 - 2026","Computer Science & IT","BBD","","https://bbdsoftware.com/jobs/bursary-beyond-programme/","https://bbdsoftware.com/jobs/bursary-beyond-programme/","https://www.zabursaries.co.za/computer-science-it-bursaries-south-africa/bbd-bursary/","https://www.zabursaries.co.za/computer-science-it-bursaries-south-africa/"
"BET Software Bursary South Africa 2026","Computer Science & IT","BET SOFTWARE","16 September 2025","https://hwfapplications.com/dare-to-dream-bursary-application-2025/","https://hwfapplications.com/dare-to-dream-bursary-application-2025/","https://www.zabursaries.co.za/computer-science-it-bursaries-south-africa/bet-bursary/","https://www.zabursaries.co.za/computer-science-it-bursaries-south-africa/"
"Chris Hani District Municipality Bursary South Africa 2021 - 2022","Computer Science & IT; Government","Chris Hani District Municipality Bursary South Africa 2021 - 2022","31 March 2021","mailto:recruitment@chda.org.za | mailto: recruitment@chda.org.za","https://www.zabursaries.co.za/government-bursaries-south-africa/chris-hani-district-municipality-bursary/","https://www.zabursaries.co.za/government-bursaries-south-africa/chris-hani-district-municipality-bursary/","https://www.zabursaries.co.za/computer-science-it-bursaries-south-africa/"
"Cisco Charitable Foundation Trust Bursary South Africa 2026","Computer Science & IT","CISCO CHARITABLE FOUNDATION TRUST","5 October 2025","https://studytrust.devman.co.za/bursary/portal/cisco/ | https://studytrust.org.za/bursary-applications/","https://studytrust.devman.co.za/bursary/portal/cisco/","https://www.zabursaries.co.za/computer-science-it-bursaries-south-africa/cisco-charitable-foundation-trust-bursary/","https://www.zabursaries.co.za/computer-science-it-bursaries-south-africa/"
"Columbus Stainless Bursary South Africa 2026","Computer Science & IT","COLUMBUS STAINLESS","","https://columbus.mcidirecthire.com/External/Job","https://columbus.mcidirecthire.com/External/Job","https://www.zabursaries.co.za/engineering-bursaries-south-africa/columbus-stainless-bursary/","https://www.zabursaries.co.za/computer-science-it-bursaries-south-africa/"
"CSIR Bursary South Africa 2026","Computer Science & IT; Postgraduate","CSIR","29 August 2025","https://bursaryconnect.csir.co.za/","https://bursaryconnect.csir.co.za/","https://www.zabursaries.co.za/engineering-bursaries-south-africa/csir-bursary/","https://www.zabursaries.co.za/computer-science-it-bursaries-south-africa/"
"CSIR-SASOL Foundation Bursary South Africa 2026","Computer Science & IT; Engineering","CSIR &#038; SASOL FOUNDATION","29 August 2025","https://bursaryconnect.csir.co.za/","https://bursaryconnect.csir.co.za/","https://www.zabursaries.co.za/engineering-bursaries-south-africa/csir-sasol-foundation-bursary/","https://www.zabursaries.co.za/computer-science-it-bursaries-south-africa/"
"DSI-CSIR Bursary South Africa 2025","Computer Science & IT; Postgraduate; Medical","DSI & CSIR","","https://csir.auraams.app/Home/Index | https://www.csir.co.za/sites/default/files/Documents/2024%20CSIR%20IBS%20FAQ%27s.pdf","https://csir.auraams.app/Home/Index","https://www.zabursaries.co.za/mba-postgraduate/dsi-csir-bursary/","https://www.zabursaries.co.za/computer-science-it-bursaries-south-africa/"
"Games Global Bursary South Africa 2025","Computer Science & IT","GAMES GLOBAL","","https://careers.gamesglobal.com/jobs/1412","https://careers.gamesglobal.com/jobs/1412","https://www.zabursaries.co.za/computer-science-it-bursaries-south-africa/games-global-bursary/","https://www.zabursaries.co.za/computer-science-it-bursaries-south-africa/"
"Gauteng Department of e-Government Bursary South Africa 2024","Computer Science & IT","GOVERNMENT","9 February 2024","https://www.zabursaries.co.za/government-bursaries-south-africa/gauteng-department-of-e-government-bursary/","https://www.zabursaries.co.za/government-bursaries-south-africa/gauteng-department-of-e-government-bursary/","https://www.zabursaries.co.za/government-bursaries-south-africa/gauteng-department-of-e-government-bursary/","https://www.zabursaries.co.za/computer-science-it-bursaries-south-africa/"
"Generation Google Scholarship: Women in Computer Science South Africa 2024 - 2025","Computer Science & IT","GOOGLE","","https://myapp.iie.org/generationgoogle","https://myapp.iie.org/generationgoogle","https://www.zabursaries.co.za/computer-science-it-bursaries-south-africa/generation-google-scholarship/","https://www.zabursaries.co.za/computer-science-it-bursaries-south-africa/"
"HENSOLDT South Africa Bursary 2024","Computer Science & IT","HENSOLDT","20 October 2023","mailto:recruitment@hensoldt.net | mailto: recruitment@hensoldt.net","https://www.zabursaries.co.za/engineering-bursaries-south-africa/hensoldt-optronics-bursary/","https://www.zabursaries.co.za/engineering-bursaries-south-africa/hensoldt-optronics-bursary/","https://www.zabursaries.co.za/computer-science-it-bursaries-south-africa/"
"Computer Science and IT Bursaries South Africa 2026","Computer Science & IT","Computer Science and IT Bursaries South Africa 2026","","https://s.w.org/images/core/emoji/17.0.2/72x72/ | https://s.w.org/images/core/emoji/17.0.2/svg/","https://s.w.org/images/core/emoji/17.0.2/72x72/","https://www.zabursaries.co.za/computer-science-it-bursaries-south-africa/hewlett-packard-enterprise-bursary/","https://www.zabursaries.co.za/computer-science-it-bursaries-south-africa/"
"HP Inc Bursary South Africa 2026","Computer Science & IT","HP INC","31 October 2025","https://studytrust.devman.co.za/bursary/portal/hp-inc-bursaries/ | https://studytrust.org.za/bursary-applications/","https://studytrust.devman.co.za/bursary/portal/hp-inc-bursaries/","https://www.zabursaries.co.za/computer-science-it-bursaries-south-africa/hp-inc-bursary/","https://www.zabursaries.co.za/computer-science-it-bursaries-south-africa/"
"Huawei Technologies Bursary South Africa 2023","Computer Science & IT","HUAWEI TECHNOLOGIES","31 March 2023","mailto:sagraduate@huawei.com | mailto: sagraduate@huawei.com","https://www.zabursaries.co.za/engineering-bursaries-south-africa/huawei-technologies-bursary/","https://www.zabursaries.co.za/engineering-bursaries-south-africa/huawei-technologies-bursary/","https://www.zabursaries.co.za/computer-science-it-bursaries-south-africa/"
"Investec Scholarship South Africa 2026","Computer Science & IT","Investec Scholarship South Africa 2026","30 September 2025","https://studytrust.devman.co.za/bursary/portal/investec-tech-scholarship/ | https://studytrust.org.za/bursary-applications/","https://studytrust.devman.co.za/bursary/portal/investec-tech-scholarship/","https://www.zabursaries.co.za/computer-science-it-bursaries-south-africa/investec-scholarship/","https://www.zabursaries.co.za/computer-science-it-bursaries-south-africa/"
"ISFAP Bursary South Africa 2027","Computer Science & IT","ISFAP","31 October 2026","https://applyonline.isfap.org.za/ | https://applyonline.isfap.org.za/user/register | https://applyonline.isfap.org.za/user/login | https://applyonline.isfap.org.za/sites/default/files/cform/isfap-application_consent_form_v5.pdf","https://applyonline.isfap.org.za/","https://www.zabursaries.co.za/general-bursaries-south-africa/isfap-bursary/","https://www.zabursaries.co.za/computer-science-it-bursaries-south-africa/"
"ITHUBA Bursary South Africa 2025","Computer Science & IT","ITHUBA HOLDINGS","30 November 2024","https://ithubalottery.co.za/application_portal/","https://ithubalottery.co.za/application_portal/","https://www.zabursaries.co.za/commerce-bursaries-south-africa/ithuba-bursary/","https://www.zabursaries.co.za/computer-science-it-bursaries-south-africa/"
"Jurumani Solutions and Tangent Solutions Bursary South Africa 2024","Computer Science & IT","JURUMANI SOLUTIONS AND TANGENT SOLUTIONS","","https://careers.jurumani.co.za/jobs/jurumani-and-tangent-solutions-bursary-programme-BIP","https://careers.jurumani.co.za/jobs/jurumani-and-tangent-solutions-bursary-programme-BIP","https://www.zabursaries.co.za/engineering-bursaries-south-africa/jurumani-solutions-and-tangent-solutions-bursary/","https://www.zabursaries.co.za/computer-science-it-bursaries-south-africa/"
"Korbicom Education Trust Bursary South Africa 2024","Computer Science & IT","KORBICOM","10 November 2023","mailto:KET@korbicom.com | mailto: KET@korbicom.com","https://www.zabursaries.co.za/computer-science-it-bursaries-south-africa/korbicom-education-trust-bursary/","https://www.zabursaries.co.za/computer-science-it-bursaries-south-africa/korbicom-education-trust-bursary/","https://www.zabursaries.co.za/computer-science-it-bursaries-south-africa/"
"Arup Education Trust Bursary South Africa 2025","Construction & Built Environment","ARUP","31 December 2024","https://arupedutrust.org/application-form/","https://arupedutrust.org/application-form/","https://www.zabursaries.co.za/construction-and-built-environment-bursaries-south-africa/arup-education-trust-bursary/","https://www.zabursaries.co.za/construction-and-built-environment-bursaries-south-africa/"
"Boogertman + Partners Bursary South Africa 2026","Construction & Built Environment","BOOGERTMAN + PARTNERS","30 November 2025","mailto:info@boogertman.com | https://boogertmanandpartners.com/wp-content/uploads/2018/02/Bursary-application-form-2025.pdf | mailto: info@boogertman.com","https://boogertmanandpartners.com/wp-content/uploads/2018/02/Bursary-application-form-2025.pdf","https://www.zabursaries.co.za/construction-and-built-environment-bursaries-south-africa/boogertman-partners-bursary/","https://www.zabursaries.co.za/construction-and-built-environment-bursaries-south-africa/"
"Buffalo City Metropolitan Municipality Bursary South Africa 2026","Construction & Built Environment; Government","BUFFALO CITY METROPOLITAN MUNICIPALITY","31 October 2025","https://sassagrants.co.za/","https://sassagrants.co.za/","https://www.zabursaries.co.za/government-bursaries-south-africa/buffalo-city-metropolitan-municipality-bursary/","https://www.zabursaries.co.za/construction-and-built-environment-bursaries-south-africa/"
"CETA Thapelo Madibeng Bursary South Africa 2026","Construction & Built Environment","CETA","30 January 2026","https://indicium.ceta.org.za/Pages/OnlineRegistration/OnlineBursaryRegistration.aspx","https://indicium.ceta.org.za/Pages/OnlineRegistration/OnlineBursaryRegistration.aspx","https://www.zabursaries.co.za/construction-and-built-environment-bursaries-south-africa/construction-education-and-training-authority-ceta-bursary/","https://www.zabursaries.co.za/construction-and-built-environment-bursaries-south-africa/"
"Department of Public Works Bursary South Africa 2021 - 2022","Construction & Built Environment","Department of Public Works Bursary South Africa 2021 - 2022","30 April 2017","https://www.zabursaries.co.za/government-bursaries-south-africa/department-of-public-works-bursary/","https://www.zabursaries.co.za/government-bursaries-south-africa/department-of-public-works-bursary/","https://www.zabursaries.co.za/government-bursaries-south-africa/department-of-public-works-bursary/","https://www.zabursaries.co.za/construction-and-built-environment-bursaries-south-africa/"
"Eastern Cape Department of Transport Bursary South Africa 2024","Construction & Built Environment; Government","EASTERN CAPE DEPARTMENT OF TRANSPORT","28 February 2024","https://www.zabursaries.co.za/government-bursaries-south-africa/eastern-cape-department-of-transport-bursary/","https://www.zabursaries.co.za/government-bursaries-south-africa/eastern-cape-department-of-transport-bursary/","https://www.zabursaries.co.za/government-bursaries-south-africa/eastern-cape-department-of-transport-bursary/","https://www.zabursaries.co.za/construction-and-built-environment-bursaries-south-africa/"
"Eastern Cape Department of Public Works and Infrastructure Bursary South Africa 2023","Construction & Built Environment; Government","DEPARTMENT OF PUBLIC WORKS AND INFRASTRUCTURE","31 January 2023","https://www.zabursaries.co.za/government-bursaries-south-africa/eastern-cape-dept-of-roads-and-public-works-bursary/","https://www.zabursaries.co.za/government-bursaries-south-africa/eastern-cape-dept-of-roads-and-public-works-bursary/","https://www.zabursaries.co.za/government-bursaries-south-africa/eastern-cape-dept-of-roads-and-public-works-bursary/","https://www.zabursaries.co.za/construction-and-built-environment-bursaries-south-africa/"
"eThekwini Municipality Bursary South Africa 2025","Construction & Built Environment","ETHEKWINI MUNICIPALITY","17 April 2025","https://durbangov.graduate.erecruit.co/candidateapp/Jobs/View/ETH250401-3","https://durbangov.graduate.erecruit.co/candidateapp/Jobs/View/ETH250401-3","https://www.zabursaries.co.za/government-bursaries-south-africa/durban-ethekwini-municipality-bursary/","https://www.zabursaries.co.za/construction-and-built-environment-bursaries-south-africa/"
"Fluor Bursary South Africa 2022 - 2023","Construction & Built Environment","Fluor Bursary South Africa 2022 - 2023","8 April 2022","mailto:henny.moraka@fluor.com | mailto: henny.moraka@fluor.com","https://www.zabursaries.co.za/engineering-bursaries-south-africa/fluor-bursary/","https://www.zabursaries.co.za/engineering-bursaries-south-africa/fluor-bursary/","https://www.zabursaries.co.za/construction-and-built-environment-bursaries-south-africa/"
"Gallagher Foundation Scholarship South Africa 2026","Construction & Built Environment; Education","Gallagher Foundation Scholarship South Africa 2026","31 July 2025","https://gallagherfoundation.tfaforms.net/26","https://gallagherfoundation.tfaforms.net/26","https://www.zabursaries.co.za/general-bursaries-south-africa/gallagher-foundation-scholarship/","https://www.zabursaries.co.za/construction-and-built-environment-bursaries-south-africa/"
"Gauteng Dept of Infrastructure Development Bursary South Africa 2021 - 2022","Construction & Built Environment","Gauteng Dept of Infrastructure Development Bursary South Africa 2021 - 2022","","https://www.zabursaries.co.za/government-bursaries-south-africa/gauteng-dept-of-infrastructure-development-bursary/","https://www.zabursaries.co.za/government-bursaries-south-africa/gauteng-dept-of-infrastructure-development-bursary/","https://www.zabursaries.co.za/government-bursaries-south-africa/gauteng-dept-of-infrastructure-development-bursary/","https://www.zabursaries.co.za/construction-and-built-environment-bursaries-south-africa/"
"Institute for Landscape Architecture in South Africa (ILASA) Bursary 2026","Construction & Built Environment","ILASA","28 November 2025","https://www.tfaforms.com/5199406 | https://www.ilasa.co.za/download_file/view/8f37d5df-61b9-4beb-88e7-db0efac101b0/314 | https://www.ilasa.co.za/application/files/3817/6116/7105/ILASA_BURSARY_AGREEMENT_-_Oct_2025.pdf | https://www.ilasa.co.za/application/files/4617/6116/7105/ILASA_BURSARY_POLICY_-_Oct_2025.docx.pdf","https://www.tfaforms.com/5199406","https://www.zabursaries.co.za/construction-and-built-environment-bursaries-south-africa/ilasa-bursary/","https://www.zabursaries.co.za/construction-and-built-environment-bursaries-south-africa/"
"Islamic Relief South Africa Bursary 2023","Construction & Built Environment","ISLAMIC RELIEF SA","","mailto:bursaries@islamic-relief.org.za | mailto: bursaries@islamic-relief.org.za","https://www.zabursaries.co.za/general-bursaries-south-africa/islamic-relief-bursary/","https://www.zabursaries.co.za/general-bursaries-south-africa/islamic-relief-bursary/","https://www.zabursaries.co.za/construction-and-built-environment-bursaries-south-africa/"
"Masakh’iSizwe (MiS) Bursary South Africa 2026","Construction & Built Environment","DEPARTMENT OF INFRASTRUCTURE","31 August 2025","https://wa-dtpw-misbursary-prod-zan.azurewebsites.net/ | https://wa-dtpw-misbursary-prod-zan.azurewebsites.net/Identity/Account/Register | https://wa-dtpw-misbursary-prod-zan.azurewebsites.net/Identity/Account/Login | https://www.westerncape.gov.za/service/masakhisizwe-bursary-programme","https://wa-dtpw-misbursary-prod-zan.azurewebsites.net/","https://www.zabursaries.co.za/government-bursaries-south-africa/masakhisizwe-bursary/","https://www.zabursaries.co.za/construction-and-built-environment-bursaries-south-africa/"
"NESP Scholarship South Africa 2024","Construction & Built Environment; Medical","NESP Scholarship South Africa 2024","31 October 2023","https://www.ru.ac.za/dhetnespapplication/","https://www.ru.ac.za/dhetnespapplication/","https://www.zabursaries.co.za/mba-postgraduate/nesp-scholarship/","https://www.zabursaries.co.za/construction-and-built-environment-bursaries-south-africa/"
"Nkangala District Municipality Bursary South Africa 2026","Construction & Built Environment","NKANGALA DISTRICT MUNICIPALITY","14 November 2025","https://www.zabursaries.co.za/government-bursaries-south-africa/nkangala-district-municipality-bursary/","https://www.zabursaries.co.za/government-bursaries-south-africa/nkangala-district-municipality-bursary/","https://www.zabursaries.co.za/government-bursaries-south-africa/nkangala-district-municipality-bursary/","https://www.zabursaries.co.za/construction-and-built-environment-bursaries-south-africa/"
"ADvTECH Student Teacher Bursary South Africa 2022 - 2023","Education","ADvTECH Student Teacher Bursary South Africa 2022 - 2023","16 November 2021","https://advtech.ci.hr/applicant/index.php","https://advtech.ci.hr/applicant/index.php","https://www.zabursaries.co.za/education-bursaries-south-africa/advtech-student-teacher-bursary/","https://www.zabursaries.co.za/education-bursaries-south-africa/"
"Association for Educational Transformation (ASSET) Bursary South Africa 2025","Education","ASSET","30 September 2024","mailto:bursary@asset.org.za | mailto: bursary@asset.org.za","https://www.zabursaries.co.za/general-bursaries-south-africa/asset-association-for-educational-transformation-sa-bursary/","https://www.zabursaries.co.za/general-bursaries-south-africa/asset-association-for-educational-transformation-sa-bursary/","https://www.zabursaries.co.za/education-bursaries-south-africa/"
"Barloworld Education Trust Bursary South Africa 2021 - 2022","Education","Barloworld Education Trust Bursary South Africa 2021 - 2022","","https://www.zabursaries.co.za/general-bursaries-south-africa/barloworld-bursary-south-africa/","https://www.zabursaries.co.za/general-bursaries-south-africa/barloworld-bursary-south-africa/","https://www.zabursaries.co.za/general-bursaries-south-africa/barloworld-bursary-south-africa/","https://www.zabursaries.co.za/education-bursaries-south-africa/"
"Black Mountain Study Trust Bursary South Africa 2024","Education; Medical","Black Mountain Study Trust Bursary South Africa 2024","8 December 2023","https://www.zabursaries.co.za/engineering-bursaries-south-africa/black-mountain-bursary/","https://www.zabursaries.co.za/engineering-bursaries-south-africa/black-mountain-bursary/","https://www.zabursaries.co.za/engineering-bursaries-south-africa/black-mountain-bursary/","https://www.zabursaries.co.za/education-bursaries-south-africa/"
"Brain-Jar Skills Development Bursary South Africa 2022 - 2023","Education","Brain-Jar Skills Development Bursary South Africa 2022 - 2023","31 December 2021","mailto:apply@brainjarskillsdev.co.za | mailto: apply@brainjarskillsdev.co.za | https://brainjarskillsdev.co.za/wp-content/uploads/2021/07/Application-form.pdf | https://brainjarskillsdev.co.za/wp-content/uploads/2021/09/Bursary-2021-Terms-Conditions.pdf","https://brainjarskillsdev.co.za/wp-content/uploads/2021/07/Application-form.pdf","https://www.zabursaries.co.za/education-bursaries-south-africa/brain-jar-skills-development-bursary/","https://www.zabursaries.co.za/education-bursaries-south-africa/"
"Canon Collins RMTF Scholarship South Africa 2026","Education","Canon Collins RMTF Scholarship South Africa 2026","9 September 2025","https://canoncollins.org/scholarships/canon-collins-south-africa/ | https://canoncollins.ams3.digitaloceanspaces.com/media/2025/08/06090211/Canon-Collins-scholarships-guidelines-2026.pdf","https://canoncollins.org/scholarships/canon-collins-south-africa/","https://www.zabursaries.co.za/mba-postgraduate/canon-collins-rmtf-scholarship/","https://www.zabursaries.co.za/education-bursaries-south-africa/"
"Canon Collins Sol Plaatje Scholarship South Africa 2025","Education; General; Law","Canon Collins Sol Plaatje Scholarship South Africa 2025","22 July 2024","https://www.gapgrants.com/bslgap/DseatFFX.jsp | https://canoncollins.ams3.digitaloceanspaces.com/media/2024/06/10114935/Canon-Collins-Sol-Plaatje-South-Africa_scholarships-guidelines-2024.pdf","https://www.gapgrants.com/bslgap/DseatFFX.jsp","https://www.zabursaries.co.za/mba-postgraduate/canon-collins-sol-plaatje-scholarship/","https://www.zabursaries.co.za/education-bursaries-south-africa/"
"Cida Empowerment Trust Bursary South Africa 2021 - 2022","Education","Cida Empowerment Trust Bursary South Africa 2021 - 2022","18 June 2018","https://ee.kobotoolbox.org/single/::ReuJ8SSH","https://ee.kobotoolbox.org/single/::ReuJ8SSH","https://www.zabursaries.co.za/education-bursaries-south-africa/cida-empowerment-trust-bursary/","https://www.zabursaries.co.za/education-bursaries-south-africa/"
"Cyril Ramaphosa Education Trust (CRET) Bursary South Africa 2025","Education","CYRIL RAMAPHOSA FOUNDATION & CRET","13 December 2024","https://forms.office.com/Pages/ResponsePage.aspx | https://www.sassagrants.co.za/types-of-sassa-grants/older-persons-grant/ | https://pluggedin.standardbank.co.za/home","https://forms.office.com/Pages/ResponsePage.aspx","https://www.zabursaries.co.za/general-bursaries-south-africa/cyril-ramaphosa-education-trust-cret-bursary/","https://www.zabursaries.co.za/education-bursaries-south-africa/"
"Epilepsy South Africa Educational Trust Bursary 2025","Education","EPILEPSY SOUTH AFRICA","31 October 2024","mailto:educationaltrust@epilepsy.org.za | mailto: educationaltrust@epilepsy.org.za","https://www.zabursaries.co.za/general-bursaries-south-africa/epilepsy-south-africa-educational-trust-bursary/","https://www.zabursaries.co.za/general-bursaries-south-africa/epilepsy-south-africa-educational-trust-bursary/","https://www.zabursaries.co.za/education-bursaries-south-africa/"
"Exxaro Bursary South Africa 2026","Education; Medical","EXXARO","30 November 2025","https://exxaro-learnership.erecruit.co/candidateapp/Jobs/View/EXX251104-3","https://exxaro-learnership.erecruit.co/candidateapp/Jobs/View/EXX251104-3","https://www.zabursaries.co.za/engineering-bursaries-south-africa/exxaro-bursary/","https://www.zabursaries.co.za/education-bursaries-south-africa/"
"Funza Lushaka Bursary South Africa 2025","Education","DEPARTMENT OF BASIC EDUCATION","26 January 2025","https://www.eservices.gov.za/ | https://www.eservices.gov.za/tonkana/registration/consent.jsf | https://www.eservices.gov.za/tonkana/login/home.jsf | https://www.funzalushaka.doe.gov.za/Content/Documents/Funza%20Lushaka%20Bursary%20Application%20Notes%202025.pdf","https://www.eservices.gov.za/","https://www.zabursaries.co.za/education-bursaries-south-africa/the-funza-lushaka-bursary-programme-south-africa/","https://www.zabursaries.co.za/education-bursaries-south-africa/"
"Globeleq Scholarships South Africa 2025","Education","Globeleq Scholarships South Africa 2025","30 October 2024","https://globeleq.auraams.app/ | https://drive.google.com/uc","https://globeleq.auraams.app/","https://www.zabursaries.co.za/engineering-bursaries-south-africa/globeleq-scholarship/","https://www.zabursaries.co.za/education-bursaries-south-africa/"
"IDB Education Trust Bursary Loan South Africa 2021 - 2022","Education; Medical","IDB Education Trust Bursary Loan South Africa 2021 - 2022","","mailto:info@idb.org.za | https://s.w.org/images/core/emoji/17.0.2/72x72/ | https://s.w.org/images/core/emoji/17.0.2/svg/","https://s.w.org/images/core/emoji/17.0.2/72x72/","https://www.zabursaries.co.za/general-bursaries-south-africa/idb-education-trust-bursary-loan/","https://www.zabursaries.co.za/education-bursaries-south-africa/"
"Jakes Gerwel Fellowship Bursary South Africa 2024","Education","JAKES GERWEL FELLOWSHIP","","https://apply.jgfellowship.org/ | https://www.jgfellowship.org/nominate/","https://apply.jgfellowship.org/","https://www.zabursaries.co.za/education-bursaries-south-africa/jakes-gerwel-fellowship-bursary/","https://www.zabursaries.co.za/education-bursaries-south-africa/"
"JB Marks Education Trust Fund Bursary South Africa 2025","Education","JB MARKS EDUCATION TRUST FUND","1 July 2024","https://applications.jbmarksedutrust.co.za/apply/","https://applications.jbmarksedutrust.co.za/apply/","https://www.zabursaries.co.za/general-bursaries-south-africa/jb-marks-education-trust-fund-bursary/","https://www.zabursaries.co.za/education-bursaries-south-africa/"
"Joe Morolong Assmang Bursary South Africa 2026","Education; Medical","ASSMANG BLACK ROCK MINE & JOE MOROLONG LOCAL MUNICIPALITY","28 November 2025","mailto:bursary@joemorolong.gov.za | https://www.joemorolong.gov.za/2025/Communication/Oct/Bursary%202026.pdf | https://www.sassagrants.co.za/ | mailto: bursary@joemorolong.gov.za","https://www.joemorolong.gov.za/2025/Communication/Oct/Bursary%202026.pdf","https://www.zabursaries.co.za/government-bursaries-south-africa/joe-morolong-assmang-bursary/","https://www.zabursaries.co.za/education-bursaries-south-africa/"
"Kader Asmal Fellowship Programme South Africa 2026/ 2027","Education; General; International","Kader Asmal Fellowship Programme South Africa 2026/ 2027","25 July 2025","https://www.gapgrants.com/bslgap/DseatFFX.jsp | https://canoncollins.ams3.digitaloceanspaces.com/media/2025/06/30143722/Kader-Asmal-Guidance-Note-2026-27-Stage-1.pdf","https://www.gapgrants.com/bslgap/DseatFFX.jsp","https://www.zabursaries.co.za/mba-postgraduate/irish-aid-kader-asmal-scholarship/","https://www.zabursaries.co.za/education-bursaries-south-africa/"
"Armscor Bursary South Africa 2026","Engineering; Medical","ARMSCOR","","mailto:bursaries@armscor.co.za | https://www.armscor.co.za/wp-content/uploads/2025/11/Armscor-Bursary-Application-and-Information-form.pdf | mailto: bursaries@armscor.co.za","https://www.armscor.co.za/wp-content/uploads/2025/11/Armscor-Bursary-Application-and-Information-form.pdf","https://www.zabursaries.co.za/engineering-bursaries-south-africa/armscor-bursary/","https://www.zabursaries.co.za/engineering-bursaries-south-africa/"
"ATNS Bursary South Africa 2026","Engineering; Science","ATNS","28 February 2026","https://atns.ci.hr/applicant/index.php","https://atns.ci.hr/applicant/index.php","https://www.zabursaries.co.za/general-bursaries-south-africa/atns-aimo-bursary/","https://www.zabursaries.co.za/engineering-bursaries-south-africa/"
"ISFAP Postgraduate Bursary South Africa 2027","Engineering; Science","ISFAP","31 October 2026","https://pg.isfap.org.za/ | https://pg.isfap.org.za/user/register | https://pg.isfap.org.za/user/login | https://pg.isfap.org.za/sites/default/files/cform/isfap-application_consent_form_v1.pdf","https://pg.isfap.org.za/","https://www.zabursaries.co.za/mba-postgraduate/isfap-postgraduate-bursary/","https://www.zabursaries.co.za/engineering-bursaries-south-africa/"
"J.P. Morgan Bursary South Africa 2021 - 2022","Engineering","J.P. Morgan Bursary South Africa 2021 - 2022","30 September 2019","https://www.zabursaries.co.za/engineering-bursaries-south-africa/j-p-morgan-bursary/","https://www.zabursaries.co.za/engineering-bursaries-south-africa/j-p-morgan-bursary/","https://www.zabursaries.co.za/engineering-bursaries-south-africa/j-p-morgan-bursary/","https://www.zabursaries.co.za/engineering-bursaries-south-africa/"
"KZN Department of Economic Development, Tourism and Environmental Affairs (EDTEA) Bursary South Africa 2024","Engineering","KZN EDTEA","20 December 2023","https://www.kznedtea.gov.za/documents/KZNEDTEA%20AERONAUTICAL%20ENGINEERING%20BURSARY%20APPLICATION%20FORM%202024.pdf","https://www.kznedtea.gov.za/documents/KZNEDTEA%20AERONAUTICAL%20ENGINEERING%20BURSARY%20APPLICATION%20FORM%202024.pdf","https://www.zabursaries.co.za/government-bursaries-south-africa/kwazulu-natal-dept-of-edtea-bursary/","https://www.zabursaries.co.za/engineering-bursaries-south-africa/"
"South African National Space Agency (SANSA) Bursary South Africa 2026","Engineering","SANSA","30 September 2025","https://www.sansa.org.za/bursaries/application/ | https://www.sansa.org.za/wp-content/uploads/2019/06/Testimonial_by_education_official_for_SANSA_bursary.pdf","https://www.sansa.org.za/bursaries/application/","https://www.zabursaries.co.za/engineering-bursaries-south-africa/sansa-bursary/","https://www.zabursaries.co.za/engineering-bursaries-south-africa/"
"South African Civil Aviation Authority (SACAA) Bursary 2026","Engineering; Science","SACAA","30 September 2025","https://sacaa.mcidirecthire.com/bursary/external/currentopportunities","https://sacaa.mcidirecthire.com/bursary/external/currentopportunities","https://www.zabursaries.co.za/science-bursaries-south-africa/south-african-civil-aviation-authority-bursary/","https://www.zabursaries.co.za/engineering-bursaries-south-africa/"
"TETA Bursary South Africa 2026","Engineering; Science","TETA","24 September 2025","https://indicium.teta.org.za/Pages/OnlineRegistration/OnlineBursaryRegistration.aspx | https://indicium.teta.org.za/Account/Login.aspx","https://indicium.teta.org.za/Pages/OnlineRegistration/OnlineBursaryRegistration.aspx","https://www.zabursaries.co.za/general-bursaries-south-africa/teta-bursary/","https://www.zabursaries.co.za/engineering-bursaries-south-africa/"
"Department of Agriculture, Land Reform and Rural Development (DALRRD) Bursary South Africa 2026","Engineering; Postgraduate","DALRRD","30 September 2025","mailto:Externalbursaries@dalrrd.gov.za | mailto: Externalbursaries@dalrrd.gov.za","https://www.zabursaries.co.za/government-bursaries-south-africa/dalrrd-bursary/","https://www.zabursaries.co.za/government-bursaries-south-africa/dalrrd-bursary/","https://www.zabursaries.co.za/engineering-bursaries-south-africa/"
"Department of Rural Development and Agrarian Reform (DRDAR) Bursary South Africa 2025","Engineering; Government","DRDAR","24 January 2025","mailto:bursary@drdar.gov.za | https://www.drdar.gov.za/wp-content/uploads/2024/12/EXTERNAL-BURSARY-APPLICATION-FORM-2025.pdf | mailto: bursary@drdar.gov.za","https://www.drdar.gov.za/wp-content/uploads/2024/12/EXTERNAL-BURSARY-APPLICATION-FORM-2025.pdf","https://www.zabursaries.co.za/government-bursaries-south-africa/department-of-rural-development-and-agrarian-reform-drdar-bursary/","https://www.zabursaries.co.za/engineering-bursaries-south-africa/"
"Limpopo Department of Agriculture and Rural Development (LDARD) Bursary South Africa 2025","Engineering","LIMPOPO DEPARTMENT OF AGRICULTURE AND RURAL DEVELOPMENT (LDARD)","","https://www.up.ac.za/funding/attachment/3284549/ldard-2025-bursary-application-form","https://www.up.ac.za/funding/attachment/3284549/ldard-2025-bursary-application-form","https://www.zabursaries.co.za/government-bursaries-south-africa/limpopo-department-of-agriculture-and-rural-development-ldard-bursary/","https://www.zabursaries.co.za/engineering-bursaries-south-africa/"
"SAMAC Bursary South Africa 2026","Engineering","SAMAC","31 January 2026","mailto:juandre@samac.org.za | mailto:runal@samac.org.za | https://view.officeapps.live.com/op/view.aspx | mailto: juandre@samac.org.za | mailto: runal@samac.org.za","https://view.officeapps.live.com/op/view.aspx","https://www.zabursaries.co.za/science-bursaries-south-africa/samac-bursary/","https://www.zabursaries.co.za/engineering-bursaries-south-africa/"
"AECI Bursary South Africa 2024","Engineering","AECI","30 June 2024","https://aeci.erecruit.co/candidateapp/Jobs/View/AEC240524-1","https://aeci.erecruit.co/candidateapp/Jobs/View/AEC240524-1","https://www.zabursaries.co.za/engineering-bursaries-south-africa/aeci-limited-bursary/","https://www.zabursaries.co.za/engineering-bursaries-south-africa/"
"AFROX Bursary South Africa 2021 - 2022","Engineering","AFROX Bursary South Africa 2021 - 2022","","https://careers.afrox.co.za/","https://careers.afrox.co.za/","https://www.zabursaries.co.za/engineering-bursaries-south-africa/afrox-accounting-engineering-bursary-south-africa/","https://www.zabursaries.co.za/engineering-bursaries-south-africa/"
"Alfeco Bursary South Africa 2026","Engineering","ALFECO","30 May 2025","mailto:info@alfecofoundation.com | mailto: info@alfecofoundation.com","https://www.zabursaries.co.za/engineering-bursaries-south-africa/alfeco-bursary/","https://www.zabursaries.co.za/engineering-bursaries-south-africa/alfeco-bursary/","https://www.zabursaries.co.za/engineering-bursaries-south-africa/"
"ArcelorMittal Bursary South Africa 2025","Engineering","ARCELORMITTAL","24 November 2024","https://arcelormittalsa.ci.hr/applicant/index.php","https://arcelormittalsa.ci.hr/applicant/index.php","https://www.zabursaries.co.za/engineering-bursaries-south-africa/arcelormittal-sa-bursary/","https://www.zabursaries.co.za/engineering-bursaries-south-africa/"
"BHP Billiton Bursary South Africa 2021 - 2022","Engineering","BHP Billiton Bursary South Africa 2021 - 2022","","mailto:AndreB@careerwise.co.za","https://www.zabursaries.co.za/engineering-bursaries-south-africa/bhp-billiton-bursary/","https://www.zabursaries.co.za/engineering-bursaries-south-africa/bhp-billiton-bursary/","https://www.zabursaries.co.za/engineering-bursaries-south-africa/"
"Bombela Bursary South Africa 2024","Engineering","BOMBELA","10 November 2023","https://careerwise.co.za/bursaries/online-application/ | https://careerwise.co.za/bursaries/online-application/applicant-registration/ | https://careerwise.co.za/bursaries/online-application/applicant-login/","https://careerwise.co.za/bursaries/online-application/","https://www.zabursaries.co.za/engineering-bursaries-south-africa/bombela-civils-joint-venture-bursary/","https://www.zabursaries.co.za/engineering-bursaries-south-africa/"
"CHIETA Bursary South Africa 2026","Engineering; Medical","CHIETA","27 February 2026","https://ims.chieta.org.za/ | https://ims.chieta.org.za/account/register | https://ims.chieta.org.za/account/login","https://ims.chieta.org.za/","https://www.zabursaries.co.za/science-bursaries-south-africa/chieta-bursary/","https://www.zabursaries.co.za/engineering-bursaries-south-africa/"
"Clover Pinnacle Bursary South Africa 2025","Engineering","CLOVER","6 January 2025","https://clover.graduate.erecruit.co/candidateapp/Jobs/View/CLO241223-1 | https://clover.erecruit.co/candidateapp/register/ | https://clover.erecruit.co/candidateapp/login/","https://clover.graduate.erecruit.co/candidateapp/Jobs/View/CLO241223-1","https://www.zabursaries.co.za/general-bursaries-south-africa/clover-bursary/","https://www.zabursaries.co.za/engineering-bursaries-south-africa/"
"Kouga Wind Farm Bursary South Africa 2024","General","KOUGA WIND FARM","12 January 2024","https://docs.google.com/forms/d/e/1FAIpQLSekHnr1dMc1TfXrDhe8LILHxhlWcCijT2h7R6I2j1PwW6zCZA/viewform","https://docs.google.com/forms/d/e/1FAIpQLSekHnr1dMc1TfXrDhe8LILHxhlWcCijT2h7R6I2j1PwW6zCZA/viewform","https://www.zabursaries.co.za/general-bursaries-south-africa/kouga-wind-farm-bursary/","https://www.zabursaries.co.za/general-bursaries-south-africa/"
"SA Chefs Bill Gallagher Study Assistance Bursary Fund South Africa 2021 - 2022","General","SA Chefs Bill Gallagher Study Assistance Bursary Fund South Africa 2021 - 2022","31 March 2019","mailto:daniella@sachefs.co.za","https://www.zabursaries.co.za/general-bursaries-south-africa/sa-chefs-bill-gallagher-study-assistance-bursary-fund/","https://www.zabursaries.co.za/general-bursaries-south-africa/sa-chefs-bill-gallagher-study-assistance-bursary-fund/","https://www.zabursaries.co.za/general-bursaries-south-africa/"
"SA Chefs Bryan Montgomery Bursary Fund South Africa 2025","General","SA CHEFS","14 February 2025","mailto:elsu@sachefs.co.za | mailto: elsu@sachefs.co.za","https://www.zabursaries.co.za/general-bursaries-south-africa/sa-chefs-bryan-montgomery-bursary-fund/","https://www.zabursaries.co.za/general-bursaries-south-africa/sa-chefs-bryan-montgomery-bursary-fund/","https://www.zabursaries.co.za/general-bursaries-south-africa/"
"FEDHASA Cape Bursary South Africa 2021 - 2022","General","FEDHASA Cape Bursary South Africa 2021 - 2022","30 August 2019","mailto:fedhasacape@fedhasa.co.za","https://www.zabursaries.co.za/general-bursaries-south-africa/fedhasa-cape-bursary/","https://www.zabursaries.co.za/general-bursaries-south-africa/fedhasa-cape-bursary/","https://www.zabursaries.co.za/general-bursaries-south-africa/"
"Gert Sibande District Municipality Bursary South Africa 2021 - 2022","General","Gert Sibande District Municipality Bursary South Africa 2021 - 2022","29 September 2017","https://www.zabursaries.co.za/government-bursaries-south-africa/gert-sibande-district-municipality-bursary/","https://www.zabursaries.co.za/government-bursaries-south-africa/gert-sibande-district-municipality-bursary/","https://www.zabursaries.co.za/government-bursaries-south-africa/gert-sibande-district-municipality-bursary/","https://www.zabursaries.co.za/general-bursaries-south-africa/"
"GrandWest Bursary South Africa 2026","General","GRANDWEST","15 January 2026","mailto:studywithgrandwest@suninternational.com | mailto: studywithgrandwest@suninternational.com","https://www.zabursaries.co.za/general-bursaries-south-africa/grandwest-bursary/","https://www.zabursaries.co.za/general-bursaries-south-africa/grandwest-bursary/","https://www.zabursaries.co.za/general-bursaries-south-africa/"
"Northern Cape Provincial Government Bursary South Africa 2026","General","NORTHERN CAPE PROVINCIAL GOVERNMENT (NCPG)","10 November 2025","mailto:BursAdmin@ncpetf.onmicrosoft.com | https://www.sassagrants.co.za/ | mailto: BursAdmin@ncpetf.onmicrosoft.com","https://www.sassagrants.co.za/","https://www.zabursaries.co.za/government-bursaries-south-africa/northern-cape-provincial-government-bursary/","https://www.zabursaries.co.za/general-bursaries-south-africa/"
"Rand Water Bursary South Africa 2025","General","RAND WATER","6 February 2025","https://randwater.erecruit.co/candidateapp/Jobs/View/RAN250123-2 | https://randwater.erecruit.co/candidateapp/register/ | https://randwater.erecruit.co/candidateapp/login/","https://randwater.erecruit.co/candidateapp/Jobs/View/RAN250123-2","https://www.zabursaries.co.za/general-bursaries-south-africa/rand-water-bursary/","https://www.zabursaries.co.za/general-bursaries-south-africa/"
"Rustenburg Municipality Bursary South Africa 2026","General","RUSTENBURG MUNICIPALITY","31 October 2025","https://www.rustenburg.gov.za/Documents/RLM%20Mayoral%20Bursary%20application%20form%202026.pdf","https://www.rustenburg.gov.za/Documents/RLM%20Mayoral%20Bursary%20application%20form%202026.pdf","https://www.zabursaries.co.za/government-bursaries-south-africa/rustenburg-municipality-bursary/","https://www.zabursaries.co.za/general-bursaries-south-africa/"
"SIOC-CDT Bursary South Africa 2026","General; Medical","CDT","","https://duxpd.co.za/sioc-cdt-2026-online-bursary-application-form/ | https://www.sioc-cdt.co.za/wp-content/uploads/2025/09/SIOC-CDT_Bursary-application-form_2026-FINAL_01.09.2025.pdf","https://duxpd.co.za/sioc-cdt-2026-online-bursary-application-form/","https://www.zabursaries.co.za/general-bursaries-south-africa/sioc-cdt-bursary/","https://www.zabursaries.co.za/general-bursaries-south-africa/"
"Sun City Resort Bursary South Africa 2022 - 2023","General","SUN CITY RESORT","23 December 2022","mailto:suncity.recruitment@suninternational.com | mailto: suncity.recruitment@suninternational.com","https://www.zabursaries.co.za/general-bursaries-south-africa/sun-city-resort-bursary/","https://www.zabursaries.co.za/general-bursaries-south-africa/sun-city-resort-bursary/","https://www.zabursaries.co.za/general-bursaries-south-africa/"
"General Bursaries South Africa 2026","General","General Bursaries South Africa 2026","","https://s.w.org/images/core/emoji/17.0.2/72x72/ | https://s.w.org/images/core/emoji/17.0.2/svg/","https://s.w.org/images/core/emoji/17.0.2/72x72/","https://www.zabursaries.co.za/general-bursaries-south-africa/tourvest-bursary/","https://www.zabursaries.co.za/general-bursaries-south-africa/"
"General Electric (GE) Bursary South Africa 2022 - 2023","General","General Electric (GE) Bursary South Africa 2022 - 2023","19 November 2021","mailto:GESA.Bursaries@ge.com | https://bsp.fundi.co.za/ | https://bsp.fundi.co.za/Students/create | https://bsp.fundi.co.za/Users/Login | mailto: GESA.Bursaries@ge.com","https://bsp.fundi.co.za/","https://www.zabursaries.co.za/general-bursaries-south-africa/general-electric-bursary/","https://www.zabursaries.co.za/general-bursaries-south-africa/"
"DSI-NRF Postgraduate Scholarship South Africa 2025","General; Postgraduate","DSI-NRF Postgraduate Scholarship South Africa 2025","5 July 2024","https://nrfconnect.nrf.ac.za/","https://nrfconnect.nrf.ac.za/","https://www.zabursaries.co.za/mba-postgraduate/dsi-nrf-postgraduate-scholarship/","https://www.zabursaries.co.za/general-bursaries-south-africa/"
"Mastercard Foundation Scholarship South Africa 2024","General","Mastercard Foundation Scholarship South Africa 2024","13 October 2023","https://www.uwc.ac.za/admission-and-financial-aid/apply | https://form.jotform.com/232512954061552 | https://form.jotform.com/232501034557044","https://www.uwc.ac.za/admission-and-financial-aid/apply","https://www.zabursaries.co.za/mba-postgraduate/mastercard-foundation-scholarship/","https://www.zabursaries.co.za/general-bursaries-south-africa/"
"PPS Foundation Bursary South Africa 2026","General","PPS FOUNDATION","20 December 2025","https://app.i-me.tech/interview/description/a19e0f0d-e415-4389-ba92-95c5d2be1820 | https://d2jtw1wnwc6sd7.cloudfront.net/website/User-HowToGuide.pdf","https://app.i-me.tech/interview/description/a19e0f0d-e415-4389-ba92-95c5d2be1820","https://www.zabursaries.co.za/general-bursaries-south-africa/pps-chairmans-fund-bursary/","https://www.zabursaries.co.za/general-bursaries-south-africa/"
"Rio Tinto/ Richards Bay Minerals (RBM) Bursary South Africa 2026","General","RIO TINTO & RICHARDS BAY MINERALS","","https://www.zabursaries.co.za/engineering-bursaries-south-africa/rio-tinto-bursary/","https://www.zabursaries.co.za/engineering-bursaries-south-africa/rio-tinto-bursary/","https://www.zabursaries.co.za/engineering-bursaries-south-africa/rio-tinto-bursary/","https://www.zabursaries.co.za/general-bursaries-south-africa/"
"Stellenbosch University Andre​​​w W. Mellon Foundation Scholarship South Africa 2025","General","Stellenbosch University Andre​​​w W. Mellon Foundation Scholarship South Africa 2025","31 October 2024","mailto:graduateschool@sun.ac.za | https://arts.sun.ac.za/files/2024/08/Stellenbosch-University-and-Mellon-Foundation-Turning-the-Tide-Scholarships-2025-Application-form.docx | mailto: graduateschool@sun.ac.za","https://arts.sun.ac.za/files/2024/08/Stellenbosch-University-and-Mellon-Foundation-Turning-the-Tide-Scholarships-2025-Application-form.docx","https://www.zabursaries.co.za/universities/stellenbosch-university-andrew-w-mellon-foundation-scholarship/","https://www.zabursaries.co.za/general-bursaries-south-africa/"
"Alfred Nzo District Municipality Bursary South Africa 2026","Government","ALFRED NZO DISTRICT MUNICIPALITY","6 February 2026","https://www.andm.gov.za/download/statutory_documents/careers/andm_forms/2026-EXTERNAL-BURSARY-APPLICATION-FORM.pdf","https://www.andm.gov.za/download/statutory_documents/careers/andm_forms/2026-EXTERNAL-BURSARY-APPLICATION-FORM.pdf","https://www.zabursaries.co.za/government-bursaries-south-africa/alfred-nzo-district-municipality-bursary/","https://www.zabursaries.co.za/government-bursaries-south-africa/"
"Department of Economic Development, Environmental Affairs and Tourism (DEDEAT) Bursary South Africa 2026","Government","DEDEAT","31 December 2025","mailto:Thabo.Manentsa@dedea.gov.za | mailto:nontuthuzelo.magugu@dedea.gov.za | mailto:vukile.mayisela@dedea.gov.za | mailto:Nyhweba.dyani@dedea.gov.za | mailto:Thandile.tokwe@dedea.gov.za | mailto:asanda.sogoni@dedea.gov.za | mailto:ashley.poggenpoel@dedea.gov.za","https://www.zabursaries.co.za/government-bursaries-south-africa/dedea-bursary/","https://www.zabursaries.co.za/government-bursaries-south-africa/dedea-bursary/","https://www.zabursaries.co.za/government-bursaries-south-africa/"
"Department of Forestry, Fisheries and the Environment (DFFE) Bursary South Africa 2026","Government; Law; Postgraduate","DFFE","3 October 2025","https://www.dffe.gov.za/sites/default/files/docs/forms/fulltimebursary2026.docx | https://www.sassagrants.co.za/","https://www.dffe.gov.za/sites/default/files/docs/forms/fulltimebursary2026.docx","https://www.zabursaries.co.za/government-bursaries-south-africa/department-of-environment-forestry-and-fisheries-bursary/","https://www.zabursaries.co.za/government-bursaries-south-africa/"
"Eastern Cape Dept of Economic Development, Environmental Affairs and Tourism Bursary South Africa 2021 - 2022","Government; Law","Eastern Cape Dept of Economic Development, Environmental Affairs and Tourism Bursary South Africa 2021 - 2022","","https://www.zabursaries.co.za/government-bursaries-south-africa/eastern-cape-dept-of-economic-development-environmental-affairs-and-tourism-bursary/","https://www.zabursaries.co.za/government-bursaries-south-africa/eastern-cape-dept-of-economic-development-environmental-affairs-and-tourism-bursary/","https://www.zabursaries.co.za/government-bursaries-south-africa/eastern-cape-dept-of-economic-development-environmental-affairs-and-tourism-bursary/","https://www.zabursaries.co.za/government-bursaries-south-africa/"
"East London Industrial Development Zone (ELIDZ) Bursary South Africa 2026","Government","ELIDZ","30 January 2026","https://elidz-portal-b2c.powerappsportals.com/","https://elidz-portal-b2c.powerappsportals.com/","https://www.zabursaries.co.za/science-bursaries-south-africa/east-london-idz-bursary/","https://www.zabursaries.co.za/government-bursaries-south-africa/"
"Eastern Cape Department of Agriculture Bursary South Africa 2026","Government","DEPARTMENT OF AGRICULTURE","10 November 2025","mailto:bursary@ecagriculture.gov.za | https://ecagriculture.gov.za/wp-content/uploads/2025/07/NEW-EXTERNAL-BURSARY-APPLICATION-FORM-2026-ACADEMIC-YEAR.pdf | mailto: bursary@ecagriculture.gov.za","https://ecagriculture.gov.za/wp-content/uploads/2025/07/NEW-EXTERNAL-BURSARY-APPLICATION-FORM-2026-ACADEMIC-YEAR.pdf","https://www.zabursaries.co.za/government-bursaries-south-africa/eastern-cape-department-of-agriculture-bursary/","https://www.zabursaries.co.za/government-bursaries-south-africa/"
"Eastern Cape Department of Health Bursary South Africa 2021 - 2022","Government","Eastern Cape Department of Health Bursary South Africa 2021 - 2022","30 November 2018","https://www.zabursaries.co.za/government-bursaries-south-africa/eastern-cape-department-of-health-bursary/","https://www.zabursaries.co.za/government-bursaries-south-africa/eastern-cape-department-of-health-bursary/","https://www.zabursaries.co.za/government-bursaries-south-africa/eastern-cape-department-of-health-bursary/","https://www.zabursaries.co.za/government-bursaries-south-africa/"
"Eastern Cape Department of Transport Traffic Bursary South Africa 2024","Government","ECDOT","","mailto:simphiwe.mgudlwa@ectransport.gov.za | https://erecruitment.ecotp.gov.za/ | https://erecruitment.ecotp.gov.za/Register.aspx | mailto: simphiwe.mgudlwa@ectransport.gov.za","https://erecruitment.ecotp.gov.za/","https://www.zabursaries.co.za/government-bursaries-south-africa/eastern-cape-department-of-transport-traffic-bursary/","https://www.zabursaries.co.za/government-bursaries-south-africa/"
"Eastern Cape Office of the Premier (ECOTP) Bursary South Africa 2024","Government; Science","ECOTP","","mailto:youthsupportskills@ecotp.gov.za | mailto:amanda.zibi@ecotp.gov.za | mailto:ncumisa.bodio@ecotp.gov.za | mailto: youthsupportskills@ecotp.gov.za | mailto: amanda.zibi@ecotp.gov.za | mailto: ncumisa.bodio@ecotp.gov.za","https://www.zabursaries.co.za/government-bursaries-south-africa/eastern-cape-office-of-the-premier-ecotp-bursary/","https://www.zabursaries.co.za/government-bursaries-south-africa/eastern-cape-office-of-the-premier-ecotp-bursary/","https://www.zabursaries.co.za/government-bursaries-south-africa/"
"Dr AB Xuma Local Municipality Bursary South Africa 2025","Government","DR AB XUMA LOCAL MUNICIPALITY","25 October 2024","https://sassagrants.co.za/","https://sassagrants.co.za/","https://www.zabursaries.co.za/government-bursaries-south-africa/dr-ab-xuma-local-municipality-bursary/","https://www.zabursaries.co.za/government-bursaries-south-africa/"
"Ingquza Hill Local Municipality Bursary South Africa 2026","Government","INGQUZA HILL MUNICIPALITY","","https://www.zabursaries.co.za/government-bursaries-south-africa/ingquza-hill-local-municipality-bursary/","https://www.zabursaries.co.za/government-bursaries-south-africa/ingquza-hill-local-municipality-bursary/","https://www.zabursaries.co.za/government-bursaries-south-africa/ingquza-hill-local-municipality-bursary/","https://www.zabursaries.co.za/government-bursaries-south-africa/"
"Nelson Mandela Bay Municipality Bursary South Africa 2024","Government","NELSON MANDELA BAY MUNICIPALITY","31 January 2024","https://www.zabursaries.co.za/government-bursaries-south-africa/nelson-mandela-bay-municipality-bursary/","https://www.zabursaries.co.za/government-bursaries-south-africa/nelson-mandela-bay-municipality-bursary/","https://www.zabursaries.co.za/government-bursaries-south-africa/nelson-mandela-bay-municipality-bursary/","https://www.zabursaries.co.za/government-bursaries-south-africa/"
"Thabo Mofutsanyana District Municipality Bursary South Africa 2025","Government","TMDM","8 February 2025","mailto:info@tmdm.gov.za | mailto: info@tmdm.gov.za","https://www.zabursaries.co.za/government-bursaries-south-africa/thabo-mofutsanyana-district-municipality-bursary/","https://www.zabursaries.co.za/government-bursaries-south-africa/thabo-mofutsanyana-district-municipality-bursary/","https://www.zabursaries.co.za/government-bursaries-south-africa/"
"City of Johannesburg (COJ) Bursary South Africa 2026","Government","CITY OF JOHANNESBURG","","https://share-eu1.hsforms.com/1CWFDyGOfSpCgFINfu7kUGQew554","https://share-eu1.hsforms.com/1CWFDyGOfSpCgFINfu7kUGQew554","https://www.zabursaries.co.za/government-bursaries-south-africa/city-of-johannesburg-bursary/","https://www.zabursaries.co.za/government-bursaries-south-africa/"
"City of Johannesburg Emergency Management Services Bursary South Africa 2021 - 2022","Government","City of Johannesburg Emergency Management Services Bursary South Africa 2021 - 2022","29 November 2019","mailto:lufunomap@joburg.org.za","https://www.zabursaries.co.za/government-bursaries-south-africa/city-of-johannesburg-ems-bursary/","https://www.zabursaries.co.za/government-bursaries-south-africa/city-of-johannesburg-ems-bursary/","https://www.zabursaries.co.za/government-bursaries-south-africa/"
"Compensation Fund Bursary South Africa 2026","Government; Science","COMPENSATION FUND","","mailto:CFexternalbursaries@labour.gov.za | https://www.labour.gov.za/DocumentCenter/Publications/Compensation%20for%20Occupational%20Injuries%20and%20Diseases/CF%20External%20Bursary%20Application%20Form%202026.pdf | mailto: CFexternalbursaries@labour.gov.za","https://www.labour.gov.za/DocumentCenter/Publications/Compensation%20for%20Occupational%20Injuries%20and%20Diseases/CF%20External%20Bursary%20Application%20Form%202026.pdf","https://www.zabursaries.co.za/government-bursaries-south-africa/compensation-fund-bursary/","https://www.zabursaries.co.za/government-bursaries-south-africa/"
"Emfuleni Local Municipality Bursary South Africa 2026","Government; Law","EMFULENI LOCAL MUNICIPALITY","28 November 2025","https://emfuleni.gov.za/wp-content/uploads/2025/10/ELM-Mayoral-Bursary-Application-Form-2026.pdf","https://emfuleni.gov.za/wp-content/uploads/2025/10/ELM-Mayoral-Bursary-Application-Form-2026.pdf","https://www.zabursaries.co.za/government-bursaries-south-africa/emfuleni-local-municipality-bursary/","https://www.zabursaries.co.za/government-bursaries-south-africa/"
"GCRA Bursary South Africa 2026","Government","GCRA","","https://gcrabursary.gauteng.gov.za/ | https://gcrabursary.gauteng.gov.za/Account/Register | https://gcrabursary.gauteng.gov.za/Account/Login | https://gcrabursary.gauteng.gov.za/Docs/Bursary%20Guide%20(004).pdf | https://gcrabursary.gauteng.gov.za/Home/FAQ","https://gcrabursary.gauteng.gov.za/","https://www.zabursaries.co.za/government-bursaries-south-africa/gauteng-city-region-academy-bursary/","https://www.zabursaries.co.za/government-bursaries-south-africa/"
"Advance Africa Scholarship 2024","International","Advance Africa Scholarship 2024","","https://www.advance-africa.org/","https://www.advance-africa.org/","https://www.zabursaries.co.za/computer-science-it-bursaries-south-africa/advance-africa-scholarship/","https://www.zabursaries.co.za/international-scholarships-bursaries-south-africa/"
"Bank of Namibia Bursary 2024 (for Namibian students)","International","BANK OF NAMIBIA","31 October 2023","https://services.bon.com.na/undergraduate-bursaries/home/general-information | https://services.bon.com.na/postgraduate-external/home","https://services.bon.com.na/undergraduate-bursaries/home/general-information","https://www.zabursaries.co.za/international-scholarships-bursaries-south-africa/bank-of-namibia-bursary/","https://www.zabursaries.co.za/international-scholarships-bursaries-south-africa/"
"Beit Trust Scholarship South Africa and United Kingdom 2024 - 2025","International","Beit Trust Scholarship South Africa and United Kingdom 2024 - 2025","19 February 2024","https://beittrust.org.uk/beit-trust-scholarships/ | https://beittrust.org.uk/wp-content/uploads/2023/09/Medical-Certificate-2024-25.pdf","https://beittrust.org.uk/beit-trust-scholarships/","https://www.zabursaries.co.za/international-scholarships-bursaries-south-africa/beit-trust-scholarship-south-africa-and-uk/","https://www.zabursaries.co.za/international-scholarships-bursaries-south-africa/"
"Julius Berger Nigeria Scholarship 2024 (for Nigerian students)","International","Julius Berger Nigeria Scholarship 2024 (for Nigerian students)","9 October 2023","https://candidate.scholastica.ng/schemes/jbn2023 | https://candidate.scholastica.ng/ | https://ninenrol.gov.ng/","https://candidate.scholastica.ng/schemes/jbn2023","https://www.zabursaries.co.za/international-scholarships-bursaries-south-africa/julius-berger-nigeria-scholarship/","https://www.zabursaries.co.za/international-scholarships-bursaries-south-africa/"
"NamPower Bursary 2024 (for Namibian students)","International","NAMPOWER","31 October 2023","https://www.nampower.com.na/public/docs/bursaries/2024/FA_9683_NamPower_Bursary_Application_Form.pdf","https://www.nampower.com.na/public/docs/bursaries/2024/FA_9683_NamPower_Bursary_Application_Form.pdf","https://www.zabursaries.co.za/international-scholarships-bursaries-south-africa/nampower-bursary-for-namibian-students/","https://www.zabursaries.co.za/international-scholarships-bursaries-south-africa/"
"Ruth Titilayo Secondary School Scholarship 2024 (for Nigerian students)","International","Ruth Titilayo Secondary School Scholarship 2024 (for Nigerian students)","31 October 2023","mailto:secondary.grants@ruthtitilayofoundation.org | https://www.ruthtitilayofoundation.org/scholarships/scholarship/64bea4a37942030062721e2c | https://www.ruthtitilayofoundation.org/auth/register | https://www.ruthtitilayofoundation.org/auth/signin | mailto: secondary.grants@ruthtitilayofoundation.org","https://www.ruthtitilayofoundation.org/scholarships/scholarship/64bea4a37942030062721e2c","https://www.zabursaries.co.za/international-scholarships-bursaries-south-africa/ruth-titilayo-secondary-school-scholarship-for-nigerian-students/","https://www.zabursaries.co.za/international-scholarships-bursaries-south-africa/"
"Ruth Titilayo Technical &#038; Vocational Scholarship 2024 (for Nigerian students)","International","Ruth Titilayo Technical &#038; Vocational Scholarship 2024 (for Nigerian students)","31 October 2023","mailto:vocational.grants@ruthtitilayofoundation.org | https://www.ruthtitilayofoundation.org/scholarships/scholarship/64bea7327942030062721e52 | https://www.ruthtitilayofoundation.org/auth/register | https://www.ruthtitilayofoundation.org/auth/signin | mailto: vocational.grants@ruthtitilayofoundation.org","https://www.ruthtitilayofoundation.org/scholarships/scholarship/64bea7327942030062721e52","https://www.zabursaries.co.za/international-scholarships-bursaries-south-africa/ruth-titilayo-technical-vocational-scholarship-for-nigerian-students/","https://www.zabursaries.co.za/international-scholarships-bursaries-south-africa/"
"Ruth Titilayo Undergraduate Scholarship 2024 (for Nigerian students)","International","Ruth Titilayo Undergraduate Scholarship 2024 (for Nigerian students)","31 October 2023","mailto:undergrad.grants@ruthtitilayofoundation.org | https://www.ruthtitilayofoundation.org/scholarships/scholarship/64bea3af7942030062721e15 | https://www.ruthtitilayofoundation.org/auth/register | https://www.ruthtitilayofoundation.org/auth/signin | mailto: undergrad.grants@ruthtitilayofoundation.org","https://www.ruthtitilayofoundation.org/scholarships/scholarship/64bea3af7942030062721e15","https://www.zabursaries.co.za/international-scholarships-bursaries-south-africa/ruth-titilayo-undergraduate-scholarship-2024-for-nigerian-students/","https://www.zabursaries.co.za/international-scholarships-bursaries-south-africa/"
"Ruth Titilayo Postgraduate Scholarship 2024 (for Nigerian students)","International","Ruth Titilayo Postgraduate Scholarship 2024 (for Nigerian students)","31 October 2023","mailto:postgrad.grants@ruthtitilayofoundation.org | https://www.ruthtitilayofoundation.org/scholarships/scholarship/64bea6507942030062721e47 | https://www.ruthtitilayofoundation.org/auth/register | https://www.ruthtitilayofoundation.org/auth/signin | mailto: postgrad.grants@ruthtitilayofoundation.org","https://www.ruthtitilayofoundation.org/scholarships/scholarship/64bea6507942030062721e47","https://www.zabursaries.co.za/international-scholarships-bursaries-south-africa/ruth-titilayo-postgraduate-scholarship-for-nigerian-students/","https://www.zabursaries.co.za/international-scholarships-bursaries-south-africa/"
"Gauteng Department of Health Bursary to Study Medicine in Cuba 2025","International","GAUTENG DEPARTMENT OF HEALTH","","https://healthbursaries.gauteng.gov.za/ | https://healthbursaries.gauteng.gov.za/RegisterUser/CriteriaForm.aspx | https://healthbursaries.gauteng.gov.za/Logins.aspx","https://healthbursaries.gauteng.gov.za/","https://www.zabursaries.co.za/government-bursaries-south-africa/gauteng-department-of-health-bursary-to-study-medicine-in-cuba/","https://www.zabursaries.co.za/international-scholarships-bursaries-south-africa/"
"Mpumalanga Department of Health Bursary to Study Medicine in Cuba 2024","International","MPUMALANGA DEPARTMENT OF HEALTH","10 May 2024","https://www.mpuhealth.gov.za/CUBAAPPLICATIONFORM.pdf","https://www.mpuhealth.gov.za/CUBAAPPLICATIONFORM.pdf","https://www.zabursaries.co.za/government-bursaries-south-africa/mpumalanga-department-of-health-bursary-to-study-medicine-in-cuba/","https://www.zabursaries.co.za/international-scholarships-bursaries-south-africa/"
"NAC South Africa International Bursary 2025","International","NATIONAL ARTS COUNCIL (NAC)","11 July 2025","https://nac.praxisgms.co.za/","https://nac.praxisgms.co.za/","https://www.zabursaries.co.za/music-and-performing-arts-bursaries-south-africa/national-arts-council-of-sa-bursary/","https://www.zabursaries.co.za/international-scholarships-bursaries-south-africa/"
"Ashinaga Africa Initiative (AAI) Leadership Programme 2024","International","Ashinaga Africa Initiative (AAI) Leadership Programme 2024","19 January 2024","https://ashinaga.smapply.net/acc/r/ | https://ashinaga.smapply.net/protected/r/FkmBTc_C-GJ6iD28zx8OmMjdxwM6qbz1XFuiwusn6ca4Lv2ysZMV1UqWpzKFLkxlN68V00hQE7cYsRjBFK5ZeA==/AAI_Applicant_Handbook_2024_EN.pdf","https://ashinaga.smapply.net/acc/r/","https://www.zabursaries.co.za/international-scholarships-bursaries-south-africa/ashinaga-africa-initiative-aai-leadership-programme/","https://www.zabursaries.co.za/international-scholarships-bursaries-south-africa/"
"Canon Collins Trust and University of London Scholarship for Distance Learning South Africa 2026","International; Law","Canon Collins Trust and University of London Scholarship for Distance Learning South Africa 2026","9 September 2025","https://canoncollins.org/scholarships/uol-llm-scholarships/ | https://canoncollins.ams3.digitaloceanspaces.com/media/2025/08/05112658/university_of_london_guidelines_for_applicants_.pdf","https://canoncollins.org/scholarships/uol-llm-scholarships/","https://www.zabursaries.co.za/international-scholarships-bursaries-south-africa/canon-collins-trust-and-university-of-london-scholarships-for-distance-learning/","https://www.zabursaries.co.za/international-scholarships-bursaries-south-africa/"
"Cecil Renaud International Scholarship 2026","International","Cecil Renaud International Scholarship 2026","30 September 2025","mailto:apply@cecilrenaud.co.za | mailto:RoshiniK@privatewealth.sanlam.co.za | mailto: apply@cecilrenaud.co.za | mailto: RoshiniK@privatewealth.sanlam.co.za","https://www.zabursaries.co.za/international-scholarships-bursaries-south-africa/cecil-renaud-overseas-scholarship-for-postgraduate-studies-in-the-uk/","https://www.zabursaries.co.za/international-scholarships-bursaries-south-africa/cecil-renaud-overseas-scholarship-for-postgraduate-studies-in-the-uk/","https://www.zabursaries.co.za/international-scholarships-bursaries-south-africa/"
"Gates Cambridge International Scholarship 2023","International","Gates Cambridge International Scholarship 2023","1 December 2022","https://www.postgraduate.study.cam.ac.uk/ | https://www.gatescambridge.org/apply/how-to-apply/","https://www.postgraduate.study.cam.ac.uk/","https://www.zabursaries.co.za/international-scholarships-bursaries-south-africa/gates-cambridge-international-scholarship/","https://www.zabursaries.co.za/international-scholarships-bursaries-south-africa/"
